service_request_id,service_code,service_notice,requested_datetime,text,class,agency_responsible,service_name,lat,long,media_url
3u2rmj61q4de0fclqvsh,2806,2019-09-05T14:17:05+03:00,2020-01-08T07:25:03+02:00,"...kulmasta puuttuu maksullisuus merkki",Kadut,Kaupunkiympäristö,City environment,,,https://asiointi.hel.fi/palautews/rest/v1/attachment/1e0badkmfdlbg0d1c821.jpg
3is7rpakekqbv03slklb,2806,2019-09-05T08:27:02+03:00,2020-01-07T08:30:06+02:00,"/ Hakaniemen ranta, kulmassa oleva pys.kielto merkki ei ole nähtävillä.",Kadut,Kaupunkiympäristö,City environment,60.177637,24.9520726,https://asiointi.hel.fi/palautews/rest/v1/attachment/81v3gc35kbqags212pli.jpg
2s48lk0p0m70rsc8efug,2807,2020-01-31T16:41:10+02:00,2020-02-03T12:47:09+02:00,"1 merkki pois tai suojatien rakentaminen.",Kadut,Kaupunkiympäristö,Culture and leisure,60.1596406,24.8801569,https://asiointi.hel.fi/palautews/rest/v1/attachment/j3i53n72hlq4j6leif2g.jpg
3c15pdiilgltv4vp70it,2806,2019-08-12T09:47:57+03:00,2019-09-11T11:35:03+03:00,"2 kk pyörätiellä Hiomotie 30 kohdalla. Remontti menossa.",Kadut,Kaupunkiympäristö,City environment,60.2207481,24.8644363,
1g9v3n2hi8esbak04c9p,2809,2020-02-13T08:56:59+02:00,2020-02-17T07:34:07+02:00,"2 kk sitten luvattiin peittää ja tasoittaa tukkutorinkuja siksi aikaa että katutyöt saadaan alkuun ja mitään ei ole tapahtunut. Erittäin vaarallinen paikka pakkasilla ja sateiden jälkeen. Korjatkaa asap!",Kadut,Kaupunkiympäristö,General and other feedback,60.1888095,24.9792364,https://asiointi.hel.fi/palautews/rest/v1/attachment/1qril2a6vicms2gtvl0g.HEIC
2gjs8u90fv41d52jppoc,2806,2020-01-13T18:07:22+02:00,2020-01-14T14:35:04+02:00,"2 pimeää katuvaloa",Kadut,Kaupunkiympäristö,City environment,60.1637264,24.9341907,
2af7s90n7g6oer5hgmlj,2809,2020-04-14T19:40:42+03:00,2020-04-17T08:35:01+03:00,"2-3 kaivonkantta 150 metrin matkalla tosi syvälle vajonnut asvalttiin - meinaa auton pyörä hajota jos tipahtaa noihin monttuihin.",Kadut,Kaupunkiympäristö,General and other feedback,60.1798559,24.9577814,
2omscenvecjqm9jq27v1,2809,2020-01-22T14:24:27+02:00,2020-01-23T11:18:38+02:00,"24h liityntäpysäköintipaikan merkit puutteelliset. P-alueen merkki maassa, tolppa puuttuu. Myös aluepysäköintikielto puuttuu. Pyva 240",Kadut,Kaupunkiympäristö,General and other feedback,60.263653,25.0310539,https://asiointi.hel.fi/palautews/rest/v1/attachment/28pne406ep7qqi7jd3rh.jpg
1m8th7r76qre7trep4r5,2806,2019-07-04T11:53:39+03:00,2019-07-10T15:30:47+03:00,"4 standardivastauksen jälkeen voisitteko nyt oikeasti kertoa mitä työmaan kuriinlaittamiselle on tehty tän viikon aikana kun sama jalkakäytävän ja suojateiden tukkiminen nosturilla ja lippusiimalla vai jatkuu päivittäin!",Kadut,Kaupunkiympäristö,City environment,60.1832883,24.9439189,https://asiointi.hel.fi/palautews/rest/v1/attachment/2887tphg3slrogiomdq5.JPG
nsrnudo2r738o6sajpnd,2806,2020-02-04T10:39:40+02:00,2020-03-10T07:55:08+02:00,"60 minuutin kiekkopaikkoja osoittava merkki on liian lähellä suhteessa liikenteenjakajaan. Jos parkkeeraisi heti liikennemerkin jälkeen, pahimmassa tapauksessa tienkäyttäjät joutuvat kiertämään jakajan väärältä puolelta.",Kadut,Kaupunkiympäristö,City environment,60.2458914,24.9252149,
3p7dvm3ugii0lok9mudv,2809,2020-04-08T17:38:10+03:00,2020-04-21T10:10:04+03:00,"9-11 kohdilla on vaarallinen monttu tiessä!",Kadut,Kaupunkiympäristö,General and other feedback,60.1852288,24.948331,
ek6vtvplq9fnf96g5qbe,2806,2019-09-09T21:37:41+03:00,2019-09-16T09:57:36+03:00,"9.8.2019 Kaupunkiympäristö vastasi katukorjauksista (Kanneltie ja Kantelettarentie): RTA kertoi, että elokuun aikana tulee asfalttiryhmä tekemään päällystyksiä. Kuka ei puhu totta? Käykää toteamassa missä kunnossa kadut ovat. ",Kadut,Kaupunkiympäristö,City environment,60.2416309,24.8800742,
3usoaj6vulf77t621qlc,2806,2019-08-20T11:44:37+03:00,2019-08-21T14:35:02+03:00,"95% ohikulkevista (jalankulkijoista, pyöräilijöistä ja sähkölaudalla menijöistä) ei käytä näitä liikennevaloja. Automaatiota ja nappuloita tulisi parantaa.",Kadut,Kaupunkiympäristö,City environment,60.1619926,24.9156446,https://asiointi.hel.fi/palautews/rest/v1/attachment/3c5mai24vqi1gjelmnfk.HEIC
239au0dgiuccivh79ejm,2809,2019-07-26T18:41:51+03:00,2019-07-29T14:30:03+03:00,"A. Wetterin tie/ Linnanrakentajantie risteystä lähestyttäessä ylhäällä olevat kaistaohjaukset puoliksi piilossa oksien seassa. ",Kadut,Kaupunkiympäristö,General and other feedback,60.1907608,25.0428995,
3g2h82vfgniedgha62sn,2806,2019-09-05T21:15:16+03:00,2019-11-11T08:00:04+02:00,"A. Wetterin tieltä risteykseen tultaessa ovat puun oksien peitossa. Ikuinen mysteeri ettette itse kiinnitä tällaiseen huomiota. ",Kadut,Kaupunkiympäristö,City environment,60.1922607,25.0398551,
5pe0oct0vqt2up93hhd2,2806,2020-05-22T21:26:10+03:00,2020-05-26T09:52:38+03:00,"Aamu- ja iltapäiväruuhkien aikaan suojateiden valojen aikautus ei toimi. Lyhyt ylitysaika aiheuttaa toistuvia vaaratilanteita.",Kadut,Kaupunkiympäristö,City environment,,,
14s09qm1021u7ed23tjc,2806,2019-09-24T11:06:34+03:00,2019-09-25T12:15:02+03:00,"Aamusta saakka sama kuorma-auto ollut keskellä jalkakäytävää Flemari 21:n edessä, auto näyttää liittyvän taloyhtiön remonttiin. Ei mahduttu lastenvaunujen kanssa ohi, tarkastaja paikalle välittömästi!",Kadut,Kaupunkiympäristö,City environment,60.1881207,24.9531207,https://asiointi.hel.fi/palautews/rest/v1/attachment/3uc7db60ennb1kha684l.JPG
5ldlj3ol0eqvhlokv7tt,2806,2019-07-17T16:27:15+03:00,2019-07-18T11:10:43+03:00,"äänipalaute liian hiljainen ei erotu ruuhkaliikenteen melussa riittävästi. risteyksen neljäs huonosti toimiva painike.",Kadut,Kaupunkiympäristö,City environment,60.1761824,24.9504532,
2gpj6km6pk0h3vo5frn1,2806,2019-10-22T12:56:50+03:00,2019-10-23T13:15:01+03:00,"Abraham Wetterin tie 2:n edessä jalkakäytävä ja pyörätie muistuttavat työmaakuoppaa. Työmaan toiminta on ihan laitonta, eikä pahemmin yllätä, että se on kaupungin omaa käsialaa.",Kadut,Kaupunkiympäristö,City environment,60.1923774,25.0395488,
2im97t91jufk6cr61mth,2809,2019-08-17T18:57:51+03:00,2019-08-27T08:15:03+03:00,"Abrahaminkatu 8 kaatunut liikennemerkki.  Äkkiä en keksi, mihin tietyöhön liittyy",Kadut,Kaupunkiympäristö,General and other feedback,60.1652108,24.9238134,https://asiointi.hel.fi/palautews/rest/v1/attachment/1rghh23q0tnba89hp4as.JPG
3r34s643vloti483mkb8,2809,2020-04-29T14:35:49+03:00,2020-05-19T08:55:03+03:00,"Agnetankujalta ja Laivalahdenkaarelta puuttuvat tästä kohdasta pyörätien liikennemerkit, vaikka kaduille on rakennettu erotellut pyörätiet ja jalkakäytävät.",Kadut,Kaupunkiympäristö,General and other feedback,60.1871816,25.0361543,
3mb2u3glg44fphmvkm75,2806,2019-09-27T16:18:38+03:00,2019-10-02T08:25:02+03:00,"Aidat löytyy nosturin ympäriltä, mutta ei mitään opastusta mistä tilapäinen jalkakäytävä menee niiden ohi ",Kadut,Kaupunkiympäristö,City environment,60.1634754,24.9347675,https://asiointi.hel.fi/palautews/rest/v1/attachment/3mobscp8f5khq60os6hl.JPG
23mqrsp251af4ehlru74,2806,2019-09-18T11:12:00+03:00,2020-01-02T12:40:03+02:00,"Aidat sentää löytyy, mutta jalankulkijoiden tilapäinen kulkureitti puuttuu kokonaan",Kadut,Kaupunkiympäristö,City environment,60.1882468,24.9544362,https://asiointi.hel.fi/palautews/rest/v1/attachment/2gfdhbaoefihli7oc6a7.JPG
34ecqai88n2dppkre22g,2806,2020-02-25T10:04:49+02:00,2020-02-27T10:10:01+02:00,"Aika hurja ja vaarallinen reikä tulossa",Kadut,Kaupunkiympäristö,City environment,60.2348904,25.0097105,https://asiointi.hel.fi/palautews/rest/v1/attachment/2r4ujvkdktti6jq28g0u.jpg
2bskfahi5qb5vfaupqs4,2806,2020-02-03T19:43:59+02:00,2020-02-05T10:18:53+02:00,"Aika iso reikä suoja/pyörätiellä Pitkäsillan vaihtuessa Unioninkadulsi",Kadut,Kaupunkiympäristö,City environment,,,https://asiointi.hel.fi/palautews/rest/v1/attachment/2er67arvkje4trfqfrua.JPG
2apopveeq5npictg91lo,2806,2019-11-01T18:04:58+02:00,2019-11-04T09:23:49+02:00,"Aika pimeä kaivanto vie koko jalkakäytävän. ",Kadut,Kaupunkiympäristö,City environment,60.1688454,24.9659014,https://asiointi.hel.fi/palautews/rest/v1/attachment/31euh4hoqc3km1eegjpc.JPG
ugooh4qfqu4suuop1bie,2809,2019-11-23T21:20:50+02:00,2019-11-25T11:11:25+02:00,"Ainakin 3 katulamppua pimeänä",Kadut,Kaupunkiympäristö,General and other feedback,60.1903775,25.0337965,
kveun9hsrh84budcv5t1,2809,2019-10-10T20:07:34+03:00,2019-10-11T12:20:14+03:00,"Ainakin kaksi lamppua pimeänä merkitystä kohdassa.",Kadut,Kaupunkiympäristö,General and other feedback,60.1651608,24.9153843,
kktsfqe9u9tva2hgfb1c,2806,2019-07-18T20:10:56+03:00,2019-07-25T11:00:04+03:00,"Ainakin pari liikennemerkkitolppaa sojottaa ihan minne sattuu Itiksen bussiterminaalin nurkalla.",Kadut,Kaupunkiympäristö,City environment,60.2080609,25.0734906,https://asiointi.hel.fi/palautews/rest/v1/attachment/2sdvie128njq7grjp1mt.jpg
25ob7epke9a47rbmi31f,2806,2019-06-17T11:00:12+03:00,2019-06-19T18:25:03+03:00,"aita ei heijastava, kaivanto ei täysin aidattu, virheellinen liikenteenohjaus",Kadut,Kaupunkiympäristö,City environment,60.1877192,24.8741609,
2gqrgq5t6ce5bpo5ovcm,2806,2019-08-15T09:05:20+03:00,2019-08-16T10:00:02+03:00,"Aitaa on siirretty suojatien toiselle puolelle eli suojatie johtaa nyt työmaalle, mutta suojateitä ei ole katkaistu tahi siirretty. Johtunee asfaltoinnista.",Kadut,Kaupunkiympäristö,City environment,60.2156364,24.8883045,https://asiointi.hel.fi/palautews/rest/v1/attachment/3b22b1h3lqb9ae6rf6ef.JPG
27t9mrk6fk0oksj09li3,2806,2020-04-07T08:05:02+03:00,2020-04-09T09:25:01+03:00,"Ajallinen poysäköintikieltomerkki puuttuu vino p-oaikkojen jälkeen.",Kadut,Kaupunkiympäristö,City environment,60.1884794,24.9522911,https://asiointi.hel.fi/palautews/rest/v1/attachment/2ch6rmgtrtp213san52q.jpg
111vb83rbda5d3fh5ijt,2806,2020-02-03T09:44:35+02:00,2020-02-05T12:49:37+02:00,"Ajo Tapulin päiväkotiin  tulisi ohjata Moisiontien kautta, mistä asfaltoitu tie lähes perille asti..",Kadut,Kaupunkiympäristö,City environment,60.2732297,25.0310087,https://asiointi.hel.fi/palautews/rest/v1/attachment/3329bff082qmlv1g6fuf.jpg
5doq6mr1bem9958uhsdi,2809,2019-12-30T20:57:28+02:00,2019-12-31T14:35:23+02:00,"Ajoesteet ennenkuin joku jää auton alle. Ihan järjetöntä, että koulun pihalle pystyy ajamaan autolla. Odotatte vissiin, että joku rekalla tappaa sata lasta. Ette vissiin muuten tajua tehdä asialle mitään. ",Kadut,Kaupunkiympäristö,General and other feedback,60.2671009,25.0545804,https://asiointi.hel.fi/palautews/rest/v1/attachment/2sark3i7eob4ufolq1jo.jpg
3hq80h2ckntqv7ree8l5,2809,2020-02-10T12:07:15+02:00,2020-02-11T13:21:27+02:00,"Ajoesteet suuntimopuistoon. ",Kadut,Kaupunkiympäristö,General and other feedback,60.2754266,25.0386732,https://asiointi.hel.fi/palautews/rest/v1/attachment/cj7qrrad4bm8dln8ah8q.jpg
35sks2ic9vcq566lb5q3,2809,2019-06-19T08:13:17+03:00,2019-06-19T10:45:02+03:00,"Ajoneuvo ja työkone ovat suojatien päällä. Katualue varaus alkaa vasta näiden jälkeen.",Kadut,Kaupunkiympäristö,General and other feedback,60.1674814,24.923628,https://asiointi.hel.fi/palautews/rest/v1/attachment/1gmo7f51pbsipr7qm7dh.jpg
22qh1balmcn451ljdodb,2809,2020-01-12T23:12:32+02:00,2020-01-17T07:20:05+02:00,"Ajopuomi rikki, este puuttuu. Jatkuvaa läpiajoa.",Kadut,Kaupunkiympäristö,General and other feedback,60.2125161,25.0462107,
2gp2qfc5cgcn28ikoi5a,2806,2019-08-06T09:09:45+03:00,2019-08-13T07:20:02+03:00,"Ajoradalla itään päin ajaessa vasemmalta kaistalta on pakollinen kääntymissuunta ylhäällä olevien merkkien mukaan, mutta kadusta maalaukset ovat kuluneet pois. Nyt kaksi kertaa lyhyen ajan sisällä nähnyt kun vasemmalta kaistalta ajetaan suoraan melkein.",Kadut,Kaupunkiympäristö,City environment,60.194586,25.0374964,
3b8ee5lu5gb5jq347d74,2806,2019-12-27T09:12:38+02:00,2020-03-26T13:00:04+02:00,"Ajorata 2 suuntainen, suojatien merkintä epäselvä 3 suojatie merkkiä.",Kadut,Kaupunkiympäristö,City environment,60.1653817,24.9423104,https://asiointi.hel.fi/palautews/rest/v1/attachment/18b6e66vkfbpc708tug3.jpg
3vhiqssmuejm3b9u8f70,2809,2019-06-06T06:20:08+03:00,2019-07-03T16:45:05+03:00,"Ajotien asvaltti sen vaan murenee ja siitä lentänyt pyörätiellä edelleen isoa palasta, jota saa pujotella ettei renkaat puhkea.",Kadut,Kaupunkiympäristö,General and other feedback,60.2060131,24.8972818,
3ugc2qnvrg8bdldk4b6p,2806,2019-06-13T21:40:47+03:00,2019-06-18T08:55:02+03:00,"Aleksin jalkakäytävällä kaivon kannen vieressä pieni syvä kolo. Senaatintorin ratikkapysäkin kohdilla, pankkirakennuksen vieressä.",Kadut,Kaupunkiympäristö,City environment,60.1690109,24.9500677,https://asiointi.hel.fi/palautews/rest/v1/attachment/1106u4k0jn6cr24kuh3e.jpg
2n4tmjrb513v7rk2lag8,2806,2019-12-26T20:09:34+02:00,2020-01-07T10:05:02+02:00,"Aleksis Kiven kadulla on hengenvaarallinen työmaajärjestely. Työmaalla on käytetty aitaa, jota ei varsinkaan pimeällä ei pysty havaitsemaan.",Kadut,Kaupunkiympäristö,City environment,60.1919058,24.9464819,https://asiointi.hel.fi/palautews/rest/v1/attachment/3oj4knoaj9vmv550l4cd.jpg
8ari17rnr4ivg29b1a8k,2806,2019-07-03T09:49:13+03:00,2019-07-04T14:25:03+03:00,"Aleksis Kiven kadun ja Konepajankujan risteyksen lähellä on asvaltti poistettu kadulta ilman minkäänlaista varoitusta liikenteelle. Kaivanto on vaarallinen liikenteelle.",Kadut,Kaupunkiympäristö,City environment,60.1911526,24.9483217,
cvf0kl4fmucnb4eacvd4,2806,2019-12-05T07:46:18+02:00,2019-12-12T07:45:02+02:00,"Aleksis Kiven kadun pohjoispuolella Konepajan kohdalla juuri ennen Traverssikujaa yksi vanha työmaa ja nyt ilmestyneet vielä uudet tuulessa kaatuilevat aitaukset perään. Kierto-ohjeistukset puuttuvat.",Kadut,Kaupunkiympäristö,City environment,60.1923452,24.9454897,
1l1357ujj0re8csi5882,2806,2020-01-16T20:02:36+02:00,2020-01-21T07:15:02+02:00,"Alikuiun pohja kaipaa puhdistusta. Pyörä lähti mutaliirtoon, ja vältin kaatumisen vain täpärästi.",Kadut,Kaupunkiympäristö,City environment,60.237101,25.0420034,
24mpc58efclju8gb8m90,2806,2019-08-13T09:37:56+03:00,2019-09-03T11:45:03+03:00,"Alikulkutunneli on nyt joka sateen jälkeen niin täynnä vettä, että sitä ei voi käyttää. Kävelijät ja pyöräilijät loikkivat tiellä. Alikulkutunneli tulisi muutenkin kunnostaa. Puuttuu esim valot. ",Kadut,Kaupunkiympäristö,City environment,60.1810457,24.8442557,
2q17cn8vadin3dlags23,3026,2020-01-03T09:02:34+02:00,2020-01-09T09:46:13+02:00,"Alikulussa useita risteäviä väyliä , missä pyöräilijät ajavat kovaa vauhtia väärällä kaistalla, koska merkinnät puuttuvat. Toivon kaistoihin merkinnät useampaan kohtaaan kumpi on pyöräilijöille ja kumpi kävelijöille. ",Kadut,Kaupunkiympäristö,,60.2148072,24.8842488,
348nllbvm33sg45u5bd6,2806,2019-11-28T21:35:34+02:00,2019-11-29T14:24:51+02:00,"Alppikadulla on uusi katuvalo, joka on järkyttävän kirkas. Valo häikäisee silmiä, kun olen kotini olohuoneessa ja istun sohvallani. Joudumme pitämään verhot kiinni. Muutkin Alppikadun valot ovat yhtä kirkkaita. Voisiko käyttää himmeämpiä lamppuja? ",Kadut,Kaupunkiympäristö,City environment,60.1857306,24.9462937,https://asiointi.hel.fi/palautews/rest/v1/attachment/3q5vjm50qv7u4iuptim6.jpg
64rj9phk8mnecm4cd0vq,2809,2020-02-10T15:35:06+02:00,2020-02-14T08:20:01+02:00,"Alueella kaksi juuri avattua kohtaa, niin tielle jätetty isoa mursketta. Ne pois tieltä. Varmana puhkoo renkaat vähemmästäkin.",Kadut,Kaupunkiympäristö,General and other feedback,60.2015288,24.9302023,
7pptd4ko0m52clotj3pg,2806,2020-01-29T09:23:33+02:00,2020-02-03T13:20:02+02:00,"Alueellinen nopeusrajoitusmerkki 30 km/h, kaksisuuntaisesta liikeenteestä varoittavamerkki",Kadut,Kaupunkiympäristö,City environment,60.1853786,24.9416085,https://asiointi.hel.fi/palautews/rest/v1/attachment/31s8vg74u7n2prq4v827.jpg
25mvio14c94s266kfc0e,2806,2019-08-21T10:35:06+03:00,2019-08-22T10:08:21+03:00,"Aluekielto alueella on vitsi. P-paikkoja ei ole merkitty kunnolla minnekään! Koska saadaan merkit ja tien varret kuntoon?",Kadut,Kaupunkiympäristö,City environment,,,
3udoou43iba85gmhtbvi,2806,2019-10-22T10:56:31+03:00,2019-10-25T06:55:02+03:00,"Aluekieltomerkki kääntynyt väärinpäin",Kadut,Kaupunkiympäristö,City environment,60.2183628,24.9663912,https://asiointi.hel.fi/palautews/rest/v1/attachment/1aiaa8f8t1029ps0pcc5.jpg
1jmirehad3hum4ssolkd,2806,2019-09-07T20:04:11+03:00,2019-09-09T14:33:50+03:00,"Arhipanpolku 11a kohdalla haljennut kaivonkansi. Mihin näistä voi soittaa? Tällaisella olisi suuri kiire.",Kadut,Kaupunkiympäristö,City environment,60.3033445,24.8699184,https://asiointi.hel.fi/palautews/rest/v1/attachment/20phgp4k2lgiu2su4gua.jpg
2827312ehf7qqvgka2gp,2806,2020-01-22T11:33:33+02:00,2020-01-24T06:50:01+02:00,"Asfaltti murentunut kuopalle asti keskellä kadun kalkua.",Kadut,Kaupunkiympäristö,City environment,60.1613422,24.9411109,
26pohat9g52hic87gkkk,2806,2020-05-22T20:38:14+03:00,2020-05-26T14:10:02+03:00,"Asfaltti revitty kevyen liikenteen väylältä ilman varoitusmerkintöjä. Ohjaa molemmista suunnista pyöräilijät n. 10 cm kaistaleelle ehjää asfalttia. Tässä vauhdit helposti yli 30km/h!",Kadut,Kaupunkiympäristö,City environment,60.2082918,25.1040599,
1bsqc4v9jgbgu5av8t9m,2809,2019-12-05T08:40:30+02:00,2019-12-16T06:55:04+02:00,"Asvaltin paikkausta. Montut umpeen ja tasaiseksi. Ärsyttää illalla kun ei näe, iskeä rengas noihin monttuihin tai kaivonkanteen! Edelleen tätä ei ole korjattu.",Kadut,Kaupunkiympäristö,General and other feedback,60.197292,24.9012393,
1brcphcc1b8tvfbg8mja,2809,2020-01-21T18:28:37+02:00,2020-01-22T13:05:01+02:00,"Autoilijat ovat alkaneet pysäköidä puistoon kun taloyhtiöiden pihoilla on yksityinen pysäköinninvalvonta ",Kadut,Kaupunkiympäristö,General and other feedback,60.2324839,24.9474083,https://asiointi.hel.fi/palautews/rest/v1/attachment/3s974ojr4lbopls6cs49.png
q37ugqg99h48tbbl161c,2809,2020-01-03T11:09:19+02:00,2020-01-07T10:03:52+02:00,"Baanan länsipää on taas muuttumassa parkkipaikaksi ja jalankulun väylät kaventuneet. Voisiko pysäköinninvalvonta käydä paikalla?",Kadut,Kaupunkiympäristö,General and other feedback,60.1655784,24.9232001,https://asiointi.hel.fi/palautews/rest/v1/attachment/shg82p8ijpsl2fpli92t.jpg
1grsl10j0tsafmqvve96,2806,2019-07-29T23:19:54+03:00,2019-07-31T15:09:41+03:00,"Betoniporsas pyörätiellä.",Kadut,Kaupunkiympäristö,City environment,60.1856477,24.9669833,https://asiointi.hel.fi/palautews/rest/v1/attachment/1knkkhsvj4k6hajl4o2q.JPG
3m2vo0cha0ckn46ttns8,2809,2019-09-13T13:57:15+03:00,2019-09-16T08:20:02+03:00,"Bussipysäkin roskakori kääntynyt/käännetty väärälle puolelle tolppaa, kaventaa kelviä turhaan ja aiheuttaa vaaraa kahden pyörän kohdatessa",Kadut,Kaupunkiympäristö,General and other feedback,60.2737283,25.0450501,https://asiointi.hel.fi/palautews/rest/v1/attachment/ope08lrilm6oa0phnuj3.HEIC
1lqc690ueqkr668td0ni,2806,2020-01-12T21:06:22+02:00,2020-01-16T10:50:04+02:00,"Bussipysäkin tolppa vinossa",Kadut,Kaupunkiympäristö,City environment,60.259662,25.0125176,
9gbqd1j2jo0mbjs2j07p,2806,2019-07-21T23:35:06+03:00,2019-07-23T10:03:52+03:00,"Edelleen epäkunnossa liikennevalot, ilmeisesti autoilijoiden valot saatu toimimaan, mutta kevyelle liikenteelle ei pala edelleenkään vihreä etelään päin kulkiessa. Etelänsuuntaan ei myöskään ole minkäänlaista kuulopalautetta, kun vihreät palavat.",Kadut,Kaupunkiympäristö,City environment,60.159252,24.8873794,https://asiointi.hel.fi/palautews/rest/v1/attachment/1lb3k3eqtqb2vdp1s1gq.HEIC
26gnlkv466p4i5mes2tp,2806,2020-02-23T16:38:26+02:00,2020-02-26T10:15:03+02:00,"Finlandia-talon takana pyörätiellä on asfaltti murtunut ja tiehen on muodostunut kuoppa joka kasvaa koko ajan. Kohta on sama jossa tie on painunut alas ja siihen muodostuu aina sateella valtava lammikko. Kuoppa lammikossa on vaarallinen koska sitä ei voi nähdä.",Kadut,Kaupunkiympäristö,City environment,60.1760586,24.9340219,https://asiointi.hel.fi/palautews/rest/v1/attachment/227i52dmmke8p1pg9atc.jpg
129j5biuabirhvh4l92t,2806,2019-09-06T05:47:14+03:00,2020-01-07T08:25:05+02:00,"Haapaniemenkadulla on Sörnäisten rantatieltä näkyvissä jaetun pyörätien ja jalkakäytävän merkki ja Hämeentieltä sama väylä merkitty Destian toimesta jalkakäytäväksi.",Kadut,Kaupunkiympäristö,City environment,60.1807718,24.9589335,
21hap98kfteqpr56e3al,2806,2019-08-16T11:12:24+03:00,2020-01-02T10:50:05+02:00,"Haapaniemenkadun ja Sörnäisten Rantatien risteyksessä väylä vedetty ihan pokkana poikki.",Kadut,Kaupunkiympäristö,City environment,60.180933,24.9579962,https://asiointi.hel.fi/palautews/rest/v1/attachment/35476v72okfbmn8i99ei.jpg
3ofjhhqil7j7a1ahcgo7,2806,2019-07-18T09:35:14+03:00,2019-07-18T15:09:45+03:00,"Hei, Finlandiatalon vieressä kulkeva pyörätie on taas  suljettu tapahtuman takia. Sulkemisesta huolimatta missään ei ole opastusta mitä kautta laillisesti saa pyöräillä keskustan suuntaa. Saako puiston läpi ajaa pyörällä? Asianmukaiset liikennemerkit on syytä olla puistossa, jotta voi laillisesti ajaa pyörällä kulkureitin ollessa suljettuna.",Kadut,Kaupunkiympäristö,City environment,60.1768035,24.9340564,
39n5651lgp1e2hbaer3j,3096,2020-01-06T11:40:39+02:00,2020-01-09T10:09:46+02:00,"Hei, koska muutetaan Kaarelan jäähallin liikennejärjestelyjä. Nyt pyörällä kulkien ei ole turvallista reittiä jäähallin pihalle. ",Kadut,Kaupunkiympäristö,,60.2462002,24.8915588,
eutv8gmi2uvuvn13ljbg,2809,2020-02-19T18:34:08+02:00,2020-02-21T12:48:27+02:00,"Hei, kurvissa autotien yläpuolella jonkinlaisten nauhojen varassa riippuvat lamput ovat sammuksissa ja esimerkiksi pimeyden takia tie vilhonvuorenkujalle on jalankulkijalle vaarallinen kun autot eivät välttämättä näe. ",Kadut,Kaupunkiympäristö,General and other feedback,60.187953,24.9618263,
1m4qv5qe5efedevhmgqp,2809,2019-12-13T13:33:56+02:00,2019-12-18T14:38:22+02:00,"Hei, miksi Mechelininkadun nopeusvalvontakamerat eivät ole käytössä??? Pohjoiseen suuntaa tolppa on jopa huputettu muovilla ja ollut näin jo kuukausia. Saisiko valvonnan koulun lähellä toimimaan? Meklulla ajetaan edelleen ylinopeutta vaikka kaistojen kaventamiselle oletettiin nopeuksien hiljentyvän. Näin ei kuitenkaan käynyt. Kamerat nyt kuntoon, kun muita turvatoimia ei saada aikaiseksi!!!",Kadut,Kaupunkiympäristö,General and other feedback,60.1756728,24.9182039,
10aa92kf494i80qmsfd2,2806,2019-12-14T11:51:46+02:00,2020-01-17T07:25:03+02:00,"Hei, sadevesille ei ole poistotietä ja se jää tielle isoina lammikoina",Kadut,Kaupunkiympäristö,City environment,60.2634409,25.1955534,https://asiointi.hel.fi/palautews/rest/v1/attachment/1rvombg2rf7gcj3f5i7c.jpg
2nruogbqcgb522c46l9s,2806,2019-08-20T11:46:45+03:00,2019-08-21T14:28:20+03:00,"Hei, tämä on vaarallinen risteys. Olen nähnyt useita onnettomuus ja läheltä piti tilanteita. Saukonpaadenrannan autoilijoilla huono näkymävyys sillalle.",Kadut,Kaupunkiympäristö,City environment,60.1595917,24.9088617,
1ui24b8dug0qe5k7k8h5,2806,2020-01-15T22:41:36+02:00,2020-01-16T14:29:39+02:00,"Hei, Veturitiellä on valtavat lammikot kevyen liikenteen väylällä ja väylää on vaikea kuivin jaloin kulkea. Voisitteko hoitaa vilkkaan väylän kuntoon. Esim ajoradalta voisi ottaa kaistan jalankulkijoille järven kiertotieksi.",Kadut,Kaupunkiympäristö,City environment,60.2018069,24.9298952,
33q6c0hccpp58gqfeo0g,2806,2019-10-04T16:39:52+03:00,2019-10-07T08:20:41+03:00,"Hei, viikkiin päin menevällä kaistalla on todella syvä kuoppa joka voi hajottaa auton ripustukset/renkaat",Kadut,Kaupunkiympäristö,City environment,60.2293972,25.0128489,
19r50e7s7f3dh3ts053t,2806,2020-02-05T10:02:07+02:00,2020-02-12T10:05:02+02:00,"Hei, voisiko kaupunki suorittaa Aleksis kiven kadulla toimenpiteitä katupölyn leviämisen estämiseksi. Kadulla on vilkas liikenne ja katupölyä paljon. Teollisuuskadulle olikin levitetty liuosta pölyn  hillitsemiseksi, kiitos siitä.",Kadut,Kaupunkiympäristö,City environment,60.1918788,24.9462115,
25n5cf13d03rbae74d4g,2806,2019-08-24T10:36:33+03:00,2019-08-26T15:45:55+03:00,"Hei. Asumme Ramsinniementien varrella ja toivoisimme tielle hidasteita koska autot ajavat tiellä huomattavaa ylinopeutta varsinkin hotelli asiakkaat ja taksit. Alueella asuu paljon pieniä lapsia. ",Kadut,Kaupunkiympäristö,City environment,60.1972623,25.1133998,https://asiointi.hel.fi/palautews/rest/v1/attachment/29bsi6f6pjc1p82drpaq.jpg
30vmdbddj9evo45jut9d,2806,2020-03-25T09:16:04+02:00,2020-03-27T07:00:02+02:00,"Hei. Voisiko Mellunmäen opasteen peittää kunnolla. Vieläkin jotkut ryhmittyvät vastaantulevien kaistalle kääntyessään vasemmalle. ",Kadut,Kaupunkiympäristö,City environment,60.236364,25.0824166,
e8h958cnn1fmgf01cprr,2806,2019-09-06T16:58:09+03:00,2019-09-09T11:40:48+03:00,"Hiihtomäentien pyörätiellä Herttoniemen metroaseman kohdalla on vaarallisesti jätetty (ilmeisesti kaupungin) kaivonkansia pyörätielle. Esineitä ei ole merkattu mitenkään ja ne on vaikea nähdä pimeällä. Ne ovat nyt olleet tuossa jo pari päivää. Voisitteko poistaa kaivokannet pikaisesti tai merkitä ne asianmukaisesti.",Kadut,Kaupunkiympäristö,City environment,60.1956647,25.0310798,https://asiointi.hel.fi/palautews/rest/v1/attachment/5ev950odvljnh9hm55nq.jpg
1v8oi8k748ub2vqhid4m,2809,2020-03-18T13:01:50+02:00,2020-03-23T13:20:48+02:00,"Hoitamatta yli tulvivat kaivot. Alitus jalat märkänä. Kuukausia ollut näin ja mitään ei ole tehty asialle.",Kadut,Kaupunkiympäristö,General and other feedback,60.2367647,24.8999292,
2ntleuj177ulj3nlahu8,2809,2020-01-26T15:27:38+02:00,2020-01-30T13:05:02+02:00,"Iso Kuoppa (painanne) ja pinnotevikoja Pasilanraitio 10:n kohdalla kävelytiessä. Ne ovat vaarallisia p.pyöräilijöille sekä mm rollaattorien käyttäjille. Aikaisemmin katua suljettuessa ei pohjustettu kunnolla! Useita kohtia.",Kadut,Kaupunkiympäristö,General and other feedback,60.2002331,24.9241289,
fnsehdbbc988ocjmntfn,3002,2020-02-22T17:48:30+02:00,2020-04-03T10:05:03+03:00,"Iso kuusi kaatunut kävelytien yli.",Kadut,Kaupunkiympäristö,,60.2032786,24.9141682,https://asiointi.hel.fi/palautews/rest/v1/attachment/2gqoipo2d1mibiel9cuk.jpeg
vn9ti15s3g9n3chd1luq,2809,2019-10-29T15:54:26+02:00,2019-11-01T05:20:02+02:00,"Isoja lasinpaloja kevyenliikenteenväylä tunnelissa Jakiksessa",Kadut,Kaupunkiympäristö,General and other feedback,60.2620657,25.0734129,https://asiointi.hel.fi/palautews/rest/v1/attachment/3dlkhatcsj92ra7k5bn5.HEIC
g0cm6lthk96gbsie9tkq,2809,2020-02-27T08:51:24+02:00,2020-03-02T15:00:01+02:00,"Jalankulkijat ohjataan kävelemään ajoradalle. Ei ole kovinkaan turvallista!",Kadut,Kaupunkiympäristö,General and other feedback,60.1662835,24.9324925,
20lmlospsa4hvsisq85f,2806,2020-05-17T15:22:41+03:00,2020-05-19T11:06:50+03:00,"Jos maalaukset on tulossa nyt tehtyjen merkkausten mukaan, tästä ei tule mahtumaan kuorma-autot, eikä päivänkodin huoltoliikenne. Kannattaisi harkita uudelleen ennen maalausta!",Kadut,Kaupunkiympäristö,City environment,60.1748409,25.0341949,
3ncj6rvfc7rvuh3r6jg0,2806,2019-06-04T07:36:58+03:00,2019-06-10T15:05:03+03:00,"Kaivo on tukossa, vesi lammikoituu suojatien kohdalle. Sturenkadulla / elimäenkadun päässä.",Kadut,Kaupunkiympäristö,City environment,60.1922401,24.9521594,
3j14kvgvmf7jfp0epmgk,2806,2020-04-29T14:38:22+03:00,2020-05-19T08:55:02+03:00,"Kaivolahdenkadulta puuttuvat pyörätien liikennemerkit tästä Kaivolahdenkadun kohdalta ja Linnanrakentajantien sekä Laivalahdenkaaren päädyistä, vaikka kadulle on rakennettu erotellut pyörätiet ja jalkakäytävät.",Kadut,Kaupunkiympäristö,City environment,60.1880873,25.0390931,
t0jnuc270cr7i39ku68c,2809,2020-05-27T07:36:55+03:00,2020-05-29T12:30:02+03:00,"Kaivuri pysäköity tiistai aamuna vaarallisesti SUOJATIEN eteen puoliksi jalkakäytävälle ja estää myös samalla näkyvyyttä risteyksessä! 10m päässä olisi ollut juhtatien varressa laillisia kadunvarsi paikkoja!",Kadut,Kaupunkiympäristö,General and other feedback,60.2836313,25.033965,https://asiointi.hel.fi/palautews/rest/v1/attachment/e7tash07ohr8n9ppb7le.HEIC
260831s1j9fojm17uhee,2809,2020-01-19T20:51:40+02:00,2020-01-21T09:32:15+02:00,"Kaksi peräkkäistä katuvaloa rikki Karhulantiellä Itäväylän risteyksessä.",Kadut,Kaupunkiympäristö,General and other feedback,60.2176982,25.103801,
371cm8eugcjokr7budt0,2809,2020-01-28T09:16:15+02:00,2020-01-29T11:16:05+02:00,"Katuvalo pimeänä jo pitkään Samettikuja 2 kohdalla ja Verkakuja 3.",Kadut,Kaupunkiympäristö,General and other feedback,60.1680614,24.9339659,
1vc4t1qjirsocekv7e5q,2809,2019-12-27T23:44:37+02:00,2019-12-30T12:42:51+02:00,"Katuvalosta on lamppu pimeänä",Kadut,Kaupunkiympäristö,General and other feedback,60.1976484,25.1233531,
2ouvik6o647vetj9adr4,2806,2019-10-17T09:55:45+03:00,2020-01-09T07:50:03+02:00,"Kevyenliikenteenväylä täynnä lehtimössöä. Perin liukasta.",Kadut,Kaupunkiympäristö,City environment,60.181454,24.959275,
35j71mknoo4c8v0bpv55,2806,2020-05-27T08:45:33+03:00,2020-06-01T07:10:02+03:00,"Kuoppa kadulla, 50x50cm. Ilmeisesti vesi vienyt maan asfaltin alta lyhyessä ajassa - isompi vesivuoto? Kohteen vieressä ollut lähiaikoina korjaustyö kuten uudesta asfaltista näkee. ",Kadut,Kaupunkiympäristö,City environment,60.22343,24.9533409,https://asiointi.hel.fi/palautews/rest/v1/attachment/30k7dk2btp3vqgbr7jek.jpg
d84shjvgpdlknoshv4e7,2806,2019-11-10T05:53:48+02:00,2019-11-14T15:56:44+02:00,"Kuoppia tiellä Lahdenväylän jälkeen länteen päin mennessä.",Kadut,Kaupunkiympäristö,City environment,60.2413138,25.0295885,
2aphbrcl24publg3k113,2806,2019-08-06T19:39:31+03:00,2019-08-07T14:54:18+03:00,"Lapinlahdentien ja Mechelininkadun kulmassa tehtiin alkukesästä kaivutöitä ja Mechelininkadun pyörätien rakennustöitä. Suojatien alue ja pieni osuus Lapinlahdentien puolelta on vielä päällystämättä ja kuopilla, etenkin kääntyville pyöräilijöille hankala paikka kun on soraa ja sekalaisia töyssyjä sekä vanhan päällysteen reuna. ",Kadut,Kaupunkiympäristö,City environment,60.1668426,24.9208916,
1uv9t1bfhijbd928lnm3,2806,2019-09-21T22:08:49+03:00,2019-09-23T17:09:53+03:00,"Liian vähän nopeusrajoitus likkennemerkkejä tällä meidän kortteleilla. Moni autoilija kaahailee miten huvittaa näillä kortteleilla (eteenkin Lappeentie, Raitamäentie). On paljon lapsia ja koiria ympäristössä, pitäisi saada turvallisemmaksi risteykset ja tiet täällä!!",Kadut,Kaupunkiympäristö,City environment,60.2228083,25.0997396,https://asiointi.hel.fi/palautews/rest/v1/attachment/3vcm4dq9b4308jnduuu9.jpeg
h8kl7va5hoh0kbic3ld6,2809,2019-10-24T14:03:09+03:00,2019-10-31T08:05:04+02:00,"Liikennemerkistä puuttuu asukaspysäköintitunnuksen ja maksullisuuden merkki.",Kadut,Kaupunkiympäristö,General and other feedback,60.1886877,24.9578421,
2dtr69runuc752sekpdu,2806,2020-03-17T11:09:36+02:00,2020-03-24T08:25:03+02:00,"Liikennemerkki nurin",Kadut,Kaupunkiympäristö,City environment,60.1840339,24.9452872,
3nsdpka56cotaut0jvea,2809,2019-08-05T18:00:02+03:00,2019-08-08T11:05:42+03:00,"Liikennevalo ei näy jalankulkijalle. Lienee kääntynyt. Kuukausia sitten..",Kadut,Kaupunkiympäristö,General and other feedback,60.1942467,25.0305556,
8r4n1608cp4vnkpms2cf,2809,2019-10-08T10:19:05+03:00,2019-10-09T07:45:02+03:00,"On vaarallinen Pyöräilijöille. ",Kadut,Kaupunkiympäristö,General and other feedback,60.1616686,24.9294764,https://asiointi.hel.fi/palautews/rest/v1/attachment/2eac6asvn97kdi53521e.jpg
33sldr2pbitrkpt07d1h,2809,2020-05-07T13:46:32+03:00,2020-05-11T13:32:48+03:00,"P-alueelta puuttuu pysäköintimerkit/merkit epäselvät",Kadut,Kaupunkiympäristö,General and other feedback,60.2384926,25.1164124,https://asiointi.hel.fi/palautews/rest/v1/attachment/2uk95njpqj64egot7tsn.jpg
2qm536t5cb8j6a3f2pop,2806,2019-06-08T15:19:06+03:00,2019-06-12T08:30:02+03:00,"Porkkalankadun alittavassa kevyen liikenteen tunnelissa hietsun puoleisessa päässä on rikkinäinen kivetys. Kaatumisen vaara, jos siihen osuu pyörällä.",Kadut,Kaupunkiympäristö,City environment,60.1639304,24.9141808,https://asiointi.hel.fi/palautews/rest/v1/attachment/1ph64qk75aof76qkn2up.jpg
36rlattbbr5ethltadnn,2806,2020-04-19T17:02:38+03:00,2020-04-23T12:35:02+03:00,"Aimo Tukiaisen puistossa on keinu hajonnut.",Liikunta,Kaupunkiympäristö,City environment,60.1523871,24.8889692,https://asiointi.hel.fi/palautews/rest/v1/attachment/18b4f7jvui88vp5n718p.jpg
25i726gou39eojq29hbi,2806,2019-09-01T20:05:31+03:00,2019-09-02T15:48:06+03:00,"Haagassa Laajasuon liikuntapuistossa on hieno karuselli lapsille, mutta se on jumissa ja tarvitsee kipeästi rasvausta tai huoltoa.",Liikunta,Kaupunkiympäristö,City environment,60.2226544,24.8985288,
2s2ikv2sb0tctp8l17t7,2802,2019-10-10T09:45:37+03:00,2019-10-11T09:30:20+03:00,"Hei olisi hienoa jotta olisi syötäviä, marjapensaita sekä omenpuita julkisilla alueilla. Poimia itse kokemus lapsille varsinkin.Puistojen ja urheilukenttien ympäristöön esimerkiksi. Kiitos.",Liikunta,Kaupunkiympäristö,,,,
32h6rmumnh01i8hqt8bh,2806,2020-03-25T21:13:43+02:00,2020-03-26T14:11:02+02:00,"Hiidenkiven koulun kiipeilyteline tikki",Liikunta,Kaupunkiympäristö,City environment,60.2636909,25.0211,https://asiointi.hel.fi/palautews/rest/v1/attachment/3v6d9lor2cbs6qj750be.PNG
3l6b9qgikc0dhreq97g8,2806,2020-01-19T10:06:17+02:00,2020-02-11T13:55:02+02:00,"Kansi rikki Ruoholahden leikkipuistossa.",Liikunta,Kaupunkiympäristö,City environment,60.1611503,24.9178258,
1eip57p6hanhpejkspo1,2806,2020-01-26T16:36:57+02:00,2020-01-28T09:59:29+02:00,"Käpylän pallokentän ja viereisen leikkipaikan valoista enemmistö on pimeänä.",Liikunta,Kaupunkiympäristö,City environment,60.214085,24.9490432,
1g6q9f0brjs10ntbisvl,2806,2020-04-20T17:26:09+03:00,2020-04-22T19:35:01+03:00,"Keinulaudan ja ketjun välistä puuttuu pultti",Liikunta,Kaupunkiympäristö,City environment,60.1872485,25.0149592,https://asiointi.hel.fi/palautews/rest/v1/attachment/i10td3acmfir7no2upe9.jpg
4anh1vhilf8pgqjlvs8k,2806,2020-05-08T22:33:30+03:00,2020-05-11T15:54:19+03:00,"Kentän korkealla oleva valo paistaa todella kirkkaana iltaisin suoraan sisään. Kenttää ei ole jäädytetty pariin vuoteen, eikä sitä käytetä säännöllisesti liikuntaan varsinkaan pimeällä. Voisiko alueen valaistusta pohtia matalammilla, valoa alaspäin heittävillä valaisimilla jotka eivät häikäise Lumikintien asukkaita? ",Liikunta,Kaupunkiympäristö,City environment,60.2033853,25.0535729,https://asiointi.hel.fi/palautews/rest/v1/attachment/38vs8f2tunfvoqqhbpiv.JPG
136sube5bgt0j2nv68q8,1363,2020-05-12T22:01:13+03:00,2020-05-13T16:48:17+03:00,"Kenttä asfaltoitu vinoksi, ei voi käyttää koripalloon.",Liikunta,Kaupunkiympäristö,,60.2701419,25.0322706,
1kvtr61df0i141m9m3jn,1363,2019-11-24T13:35:19+02:00,2019-11-26T08:17:00+02:00,"Koirapuiston läheisyydessä  olevat  kuntoilualueet ovat jääneet vähän ajastaan jälkeen. Hyville kuntoilulaitteille olisi kysyntää, vanhoilla laitteilla kuitenkin kuntoillaan.",Liikunta,Kaupunkiympäristö,,60.2054002,24.9585961,
q18v5l7phnqvrkftnf9g,2809,2019-06-06T19:48:21+03:00,2019-06-10T08:06:08+03:00,"Lauttasaaren lahnalahden puiston vihreä kangaspeite liukumåen vieressä on ollut rikki jo kuukausia. Paikka on vaarallinen lapsille.",Liikunta,Kaupunkiympäristö,General and other feedback,60.1549587,24.873962,
19789v1d486s1q4fvlk6,2806,2019-12-26T17:06:41+02:00,2019-12-30T09:38:58+02:00,"Leikkipuiston valaisin pimeänä keinujen vieressä. ",Liikunta,Kaupunkiympäristö,City environment,60.1985151,24.8821967,
1cq20t14beghvr4lns1t,2805,2019-12-14T23:47:33+02:00,2019-12-18T09:31:53+02:00,"Miksi Hiidenkiven koulun hieno uusi piha-alue on täysin pimeä iltaisin? Luulisi että koriskenttää, tekonurmea ja kiipeilytelineitä voisi käyttää kouluajan ulkopuolellakin?",Liikunta,Kaupunkiympäristö,Education,60.2634757,25.019456,
p92otul7a9cqc3qm8ao8,2806,2019-12-02T16:34:42+02:00,2019-12-04T09:34:57+02:00,"Penkki on ollut rikki jo pitkään. Olisi varmaan syytä poistaa/korjata se ennen kuin kukaan satuttaa itsensä siihen. ",Liikunta,Kaupunkiympäristö,City environment,60.2414324,24.8694598,
3r4806dracims871b2ve,2809,2020-02-26T11:04:18+02:00,2020-02-27T12:45:01+02:00,"Puu kaatunut ulkoilureitille ",Liikunta,Kaupunkiympäristö,General and other feedback,60.1898724,24.8829487,https://asiointi.hel.fi/palautews/rest/v1/attachment/2rdj3st7j6knk4buhpo6.jpg
3mpr15q1smgrsa29p4c7,2806,2020-04-28T08:34:34+03:00,2020-04-30T09:30:01+03:00,"Roihuvuoren koulun yläpuolella oleva minikoriskenttä",Liikunta,Kaupunkiympäristö,City environment,60.2073038,25.0621635,https://asiointi.hel.fi/palautews/rest/v1/attachment/23s4og4943g17dov0d7a.HEIC
2dvq3mbhe6e7p7h24sdu,2809,2020-04-21T08:53:54+03:00,2020-04-22T12:55:49+03:00,"Saisiko penkkejä Töölön kirkon alapuoliselle tasanteelle.  Hieno näkymä puistoon!",Liikunta,Kaupunkiympäristö,General and other feedback,60.179893,24.9211666,https://asiointi.hel.fi/palautews/rest/v1/attachment/3qavmplg22ipubev89db.jpg
1m9ngf085tm0lhgtgri0,2806,2019-08-29T10:22:02+03:00,2019-08-30T10:04:15+03:00,"Saisiko ulostavat linnut pysyvästi pois Aurinkolahden Uimarannalta.   Emme halua lintujen levittämiä tauteja ja loisia lapsillemme kiitos!",Liikunta,Kaupunkiympäristö,City environment,60.2012684,25.1547943,https://asiointi.hel.fi/palautews/rest/v1/attachment/3aipn1ooque0e0sibpop.jpg
39i1ji8n6htq9uv6gqmh,2806,2020-02-27T10:14:17+02:00,2020-03-02T06:55:01+02:00,"Ulkoilupolku poikki kun vesi on huuhtonut sen rikki",Liikunta,Kaupunkiympäristö,City environment,60.2113923,24.8527693,https://asiointi.hel.fi/palautews/rest/v1/attachment/3un79qkg3r9c7v7ko54m.HEIC
f5ftua2qvf4a1l3cdm5j,2806,2020-01-07T19:13:53+02:00,2020-01-08T11:05:14+02:00,"Urheilukentän vieressä valaisimen lasi repsottaa auki",Liikunta,Kaupunkiympäristö,City environment,60.2158627,25.1382674,https://asiointi.hel.fi/palautews/rest/v1/attachment/30c6rqic5r76864pjec7.jpg
3jd57gvgc1c0cvoutjaf,2809,2020-01-15T19:11:30+02:00,2020-01-21T07:20:01+02:00,"Uutelan ulkoilureitin varrelle kaatunut iso puu",Liikunta,Kaupunkiympäristö,General and other feedback,60.1994466,25.1621059,https://asiointi.hel.fi/palautews/rest/v1/attachment/67cv308r2n58dlg7vl7p.jpg
2v94m4ign3dvhig2pfmo,3561,2020-04-08T06:15:28+03:00,2020-04-09T14:58:08+03:00,"Asun Vuosaaressa ja lähi liikuntapuisto on Heteniitynkenttä.Onko tietoa milloin avataan tenniskentät?Kun esimerkiksi Hertoniemessa  ovat ne jo auki.",Liikunta,Kulttuuri ja vapaa-aika,,60.2174978,25.1367048,
14ep3vb816leaj0j0611,1363,2019-11-01T22:52:56+02:00,2019-11-08T15:05:17+02:00,"Haluaisin vain kysyä, että voisiko Kaarelankentälle saada jääkiekkomaaleja tälle talvelle? Viime talvena niitä ei ollut. Kiitos!",Liikunta,Kulttuuri ja vapaa-aika,,60.2468042,24.894843,
u0bsrjekvmr087k20ul1,3628,2020-03-02T20:59:53+02:00,2020-03-04T08:36:15+02:00,"Hei, miksi Helsingissä ei ole muiden kaupunkien tapaan senioreille omaa kuntosalia, jonne voisi mennä itselleen sopivaan aikaan. Me kaikki emme tarvitse/halua ryhmää tai ohjausta, mutta ikätovereiden joukossa olisi mukava pitää kuntoa yllä. Yksityiset salit ovat täynnä nuoria.",Liikunta,Kulttuuri ja vapaa-aika,,,,
3rnh4qsvt7lgu9v9m7rb,1363,2020-03-18T17:33:14+02:00,2020-03-24T10:00:27+02:00,"Hei, Vesalan kentän toisesta koripallokorista  puuttuu kori kokonaan ja toisesta sukka ja se on vino. Voisiko ne saada korjattua, jotta ulkona voisi harjoitella, nyt kun sisähallit ei ole käytössä.",Liikunta,Kulttuuri ja vapaa-aika,,60.2446302,25.0825457,
1v13tj6dh9gr3mmdd29l,1363,2019-07-18T14:29:49+03:00,2019-07-24T14:10:46+03:00,"Hei, voisiko veden lämpötilan päivittää tänne tai muualle sopivaan paikkaan joka päivä?",Liikunta,Kulttuuri ja vapaa-aika,,60.1986799,25.0766248,
233sju0bg7b2b3arv6g6,2806,2019-07-30T12:56:34+03:00,2019-08-01T12:22:55+03:00,"Hei! Oulunkylän Pikkukosken kentän hiekassa on muihin kenttiin verrattuna erittäin  paljon soraa (monet pelaajat haavoittuu säännöllisesti). Myös lentopalloverkko on repeytyneenä jo pitkään!",Liikunta,Kulttuuri ja vapaa-aika,City environment,,,
a10h8n3kvhif0t7ghpsr,3629,2020-03-20T07:22:52+02:00,2020-03-26T12:10:54+02:00,"Hei! Voiko talviuintia harrastaa turvallisesti koronaepidemian aikana, jos menee ihan vain rannalta uimaan eikä käytä yhteisiä pukutiloja?",Liikunta,Kulttuuri ja vapaa-aika,,,,
2au5e6lku9rrugjhh3gq,3629,2020-01-20T08:25:50+02:00,2020-01-23T09:57:59+02:00,"Hei. Kallahdenniemen uimarannan läheisyydessä olevan kiipeilytelineen pohja on rikki. Voi aiheuttaa vaaratilanteen jos romahtaa jonkun lapsen alta.",Liikunta,Kulttuuri ja vapaa-aika,,60.1872166,25.1435178,
1fcq36eq56vcle31b4eq,3631,2020-02-11T12:47:12+02:00,2020-02-17T13:42:00+02:00,"Hei. Kävimme vaimon kanssa Pirttimäen ulkoillualueella tarkoituksena kävellä luontopolkua. Parkkipaikan jälkeen oli opastaulu jossa nuoli ulkoilureitit 100 m. Kävelimme opastettuun suuntaan jolloin vastassa oli alamäki ja jokin talo johon tie päättyi. Emme nähneet mitään opastetta missä ulkoilureitti olisi joten lähdimme pois. Saisi tuolla olla yhtä hyvät opasteet kuin Luukissa. Harmittaa hieman turha ajo Helsingistä.",Liikunta,Kulttuuri ja vapaa-aika,,,,
2c3so61bu1akmeonrgvr,3630,2019-11-22T08:46:53+02:00,2019-11-26T13:29:31+02:00,"Hei. Olemme treenanneet joukkueeni kanssa elokuusta lähtien Liikuntamyllyn salibandykentällä. Kuukausien aikana kentän tuntuma on muuttunut huonompaan suuntaan. Lattia on ollut viime kuukausien ajan todella liukas ja pölyinen. Kengät pohjiin jää pölyä, joka aiheuttaa vaaratilanteita. Loukkaantumisriski todella suuri. Toivon, että asia otetaan vakavasti ja lattian kunto paranee. ",Liikunta,Kulttuuri ja vapaa-aika,,,,
1vsmg1hvi0uuslo62ht1,3681,2020-01-07T03:12:07+02:00,2020-01-09T09:25:01+02:00,"Hei. Onko oikein toimia kun tänään 7.1.2020 Kontulan tekojääradalla tehdään auraushommia kello 3:00 yöllä. Asutusta on 50m päässä kentästä. Melkoinen meteli kuuluu sisälle ja pitäisi saada nukuttua ennen aamuvuoroa. ",Liikunta,Kulttuuri ja vapaa-aika,,60.235304,25.097052,
335oj512njicnvdgc1gl,3629,2019-11-02T11:17:25+02:00,2019-11-08T15:04:16+02:00,"Hei. Puotilan uimarannan loistavat kuntoilulaitteet jäävät syksyn ja talven pimeinä iltoina kahden katulampun valaisun väliin jättäen kuntoilijat pimeään. Viihtyvyyden ja turvallisuuden vuoksi kohta tarvitsisi lisävalaisun. ",Liikunta,Kulttuuri ja vapaa-aika,,,,
ad4cpd2seuvp2avj2alb,3682,2020-04-05T11:31:48+03:00,2020-04-09T14:55:03+03:00,"Helsingin tulisi avata ulkoliikuntapaikoista myös tenniskentät käyttöön. Tennis on koronaepidemian aikana yksi turvallisimmista liikuntalajeista ja säiden puolesta ulkona olisi voinut pelata jo muutaman viikon. Eli pyytäisin avaamaan esim. Tapulin liikuntapuiston kentät käyttöön, kiitos!",Liikunta,Kulttuuri ja vapaa-aika,,60.273187,25.0195521,
oilk961jode0o2hbhval,3630,2019-07-11T17:42:02+03:00,2019-07-17T13:51:09+03:00,"Kävimme viikonloppuna pelaamassa tennistä Pihlajamäen urheilupuistossa. Kentän pinnalla oli ohut mutakerros, joka teki kentän pinnan niin liukkaaksi, etteivät kengät kunnolla pitäneet siinä, mikä teki pelaamisen paitsi vaikeaksi, myös vaaralliseksi. Lisäksi pallot menivät pilalle välittömästi. Kentän pinta pitäisi pestä, tällä hetkellä se on aikalailla pelikelvoton. ",Liikunta,Kulttuuri ja vapaa-aika,,,,
1ji8v7i54mul5kv1a069,3631,2020-03-25T10:04:22+02:00,2020-03-26T12:16:07+02:00,"Keskuspuistossa reittien merkintä ei ole hyvä. Polkujen risteyksissä pitäisi olla selvät viitat ja lenkkireittien merkit. Nyt viitat puuttuvat pääosin ja reittien merkit ovat usein keskellä metsätaivalta, kaukana risteyksistä. Esim Luukissa on esimerkillinen viitoitus",Liikunta,Kulttuuri ja vapaa-aika,,,,
120q178mohikoho6h6p1,3647,2020-01-21T09:12:49+02:00,2020-01-23T09:56:28+02:00,"Liikuntamyllyn vakituisena käyttäjänä olen todennut siivouksen tason dramaattisen tason laskun miesten pukuhuoneen pesutiloissa. Ennen pesutilan lattia pestiin joka päivä, nyt lattia ollut pesemättä koko alkuvuoden! Se on suorastaan saastainen. Viimeisin havainto 21.01. klo. 8.45.",Liikunta,Kulttuuri ja vapaa-aika,,,,
271upo4vi47rh52tja9e,3630,2019-10-25T19:05:27+03:00,2019-10-30T11:27:02+02:00,"Miesten pukuhuoneen joka kello oli neljännestä vaille kymmenen kun puoli kuudelta menin varustautumaan uintiin. Allashuoneen kelloista ainoastaan digitaalinen kävi ja oli oikeassa ajassa, analoginen pysyi jatkuvasti tasan kahdeksassa. Puoli seitsemän kun lähdin kotimatkalle olivat pukuhuoneen kellot yhä neljännestä vaille kymmenen. Onko aika pysähtynyt Pirkkolan uimahallissa?",Liikunta,Kulttuuri ja vapaa-aika,,60.2322129,24.9106454,
3gdf76bs84pl8d602lo3,2809,2019-06-05T15:51:28+03:00,2019-06-10T13:02:54+03:00,"Miksi Aurinkolahden uimarannan  itäisen pään vessat on suljettu parhaaseen lämpö-aaltoaikaan??? Ranta täynnä ihmisiä...",Liikunta,Kulttuuri ja vapaa-aika,General and other feedback,60.2025979,25.1613641,https://asiointi.hel.fi/palautews/rest/v1/attachment/3gst1g6a6v6cp3gmt64l.jpg
1akodb12f7osj1asee6a,3647,2019-12-05T18:57:28+02:00,2019-12-11T11:20:10+02:00,"Miksi liikuntamyllyn kuntosalin SUOSITTU vatsalihasprässi vietiin pois? Tilalle tuotiin hankalammin käytettävä vatsalihaslaite,vastaavanlainen laite siellä jo on.",Liikunta,Kulttuuri ja vapaa-aika,,,,
35are16i7a98cevr1kl3,3652,2020-01-31T17:09:15+02:00,2020-02-06T15:16:59+02:00,"Miksi näillä alueilla ei ole edullista alueliikuntaa?",Liikunta,Kulttuuri ja vapaa-aika,,60.2337239,24.9972025,
2n3si20gj8pi7e4ek0jo,3630,2020-05-17T16:02:43+03:00,2020-05-19T08:26:04+03:00,"Missä on väinämöisen kentän rullakiekko kaukalo? Onko kaupungilla muita kenttiä missä ei ole muovimattoa alustana. Muovimatto on todella liukas",Liikunta,Kulttuuri ja vapaa-aika,,,,
1gg4q70slutliltvn8st,3660,2019-12-16T15:54:41+02:00,2019-12-18T09:26:56+02:00,"Mitä ovat kävelyteille Maunulan majalle etelästä tultaessa ilmestyneet pitkänomaiset kahdeksankulmaiset noin metrin levyiset painanteet? Näitä on paikoin säännölliseti kymmenen metrin välein!?",Liikunta,Kulttuuri ja vapaa-aika,,,,
2td0imoq47kur3scrqs8,3630,2019-10-07T14:44:32+03:00,2019-10-11T14:04:16+03:00,"Miten Jakomäen uimahallin kyljessä oleva pieni kuntosali on auki? Kaupungin sivuilla olevat aukioloajat ovat vähintäänkin mystiset... Auki vain maanantaisin 16-19.30?",Liikunta,Kulttuuri ja vapaa-aika,,,,
17stg0i3bof7qc63ipud,3679,2020-05-10T15:42:40+03:00,2020-05-13T10:13:45+03:00,"Moro! Milloin te vietti Tapulikaupungin jalkapallokentän vanhan tekonurmen pois? On ollut nyt noin vuoden kentän laidalla ja alkaa pikkuhiljaa leviämään ympäröivään luontoon.",Liikunta,Kulttuuri ja vapaa-aika,,60.2737167,25.0182694,
2n5ef5mb0kjlhoh4ql47,3660,2020-04-10T18:56:46+03:00,2020-04-16T15:25:02+03:00,"Oisko Luukin ulkoilualueelle mahdollista saada 18-väyläinen frisbeegolfrata siellä olisi todella paljom hyvää tilaa!",Liikunta,Kulttuuri ja vapaa-aika,,,,
336f4hcl9ga57dcrij9v,3648,2019-07-18T10:53:53+03:00,2019-07-24T14:14:20+03:00,"Olen nyt muutamat viikot käynyt ahkerasti Stadikalla uimassa ja kiitin eilen paikan päällä mukavaa vaaleaa nuorta naista puku- ja suihkutilojen siisteydestä ja nyt kiitän myös teitä. Jatkakaa samaan malliin!",Liikunta,Kulttuuri ja vapaa-aika,,60.188811,24.9308241,
2mltphmfr9gaf3uhpr7l,3681,2020-01-06T12:55:34+02:00,2020-01-09T09:23:16+02:00,"Oli hienoa saada Laajasaloon tekojää, mutta tuli yllätyksenä, että sitä ei hoideta. Jää oli loistavassa kunnossa joulun jälkeen, mutta siitä se on asteittain heikentynyt. Tänään loppiaismaanantaina se oli perunapeltoa. Onko kunnon huoltoa tulossa vai jääkö se säiden armoille?",Liikunta,Kulttuuri ja vapaa-aika,,,,
q3c39plueqluohrivvui,1363,2019-10-07T22:48:46+03:00,2019-10-11T14:02:14+03:00,"On hienoa että kaupunki haluaa ja pystyy tukemaan liikuntaa myös itä-Helsingissä, mutta voisiko käyttöaikoja hieman miettiä? Kentän valaistus varsinkin alku- ja loppukesäisin houkuttelee palloilemaan myöhään yöhön, mikä on meille vieressä asuville lapsiperheille todella häiritsevää. On varmasti parempia tapoja ehkäistä pikkutunneille jatkuvaa meluisaa potkimista kuin poliisin vaivaaminen?",Liikunta,Kulttuuri ja vapaa-aika,,60.2340863,25.0929153,
161nj2ftltj3s46iu2ir,3631,2020-03-01T11:41:39+02:00,2020-03-04T08:38:01+02:00,"Onko Paloheinässä tapahtunut  jokin työntekijävaihdos/ muutos, kun metsän puolelle latua ei kunnosteta, vaikka viime viikolla oli hyvät pakkasyöt. Miksi koko latuosuutta ei laitettu kuntoon, koneet seisoivat? 80% hiihtäjistä esim.perj.oli perinteisen hiihtäjiä. ",Liikunta,Kulttuuri ja vapaa-aika,,,,
a5un082je29ko24dv4tt,2809,2019-09-16T08:39:12+03:00,2020-01-02T13:56:09+02:00,"Puu katkennut keskeltä poikki ja jäänyt roikkumaan. Kuntoilulaitteiden luona.",Liikunta,Kulttuuri ja vapaa-aika,General and other feedback,60.2740667,24.9812244,https://asiointi.hel.fi/palautews/rest/v1/attachment/4jqv7g9v3itlink2re3e.HEIC
rv951sttuguaj6hev0ns,3660,2020-05-11T12:08:02+03:00,2020-05-15T12:42:38+03:00,"Saako Maunulan  retkeilymajan kiinteillä ulkopöydillä syödä omia eväitä. Ja jos ei saa, niin miksi ei saa? ",Liikunta,Kulttuuri ja vapaa-aika,,,,
ff8su1c95cqg7cj375nv,2806,2019-08-15T18:37:48+03:00,2019-08-16T12:25:56+03:00,"Salmisaaren liikuntakeskuksen pyöräparkissa on alkanut kasaantua eri firmojen rullakoita. Jo 11 kpl on ilmestynyt viime kahden viikon aikana.",Liikunta,Kulttuuri ja vapaa-aika,City environment,60.1658346,24.9032249,https://asiointi.hel.fi/palautews/rest/v1/attachment/1ho01tco4skaqaqiod37.jpg
1cuo177ce54h56fgmbc0,3630,2020-04-21T18:09:55+03:00,2020-04-24T14:10:30+03:00,"Vuosaareen on ollut pidempään suunnitteilla frisbeegolfrata urheilupuiston yhteyteen. Mitkä on radan näkymät tällä hetkellä? Harrastajamäärät kasvavat koko ajan ja harrastus on suht edullinen ja hyvä kokoperheen harrastus ja saisi kotona pelikoneiden ääressä istuvat teinitkin liikkumaan. Toivon että Vuosaareen saadaan uusi rata lähiaikoina. ",Liikunta,Kulttuuri ja vapaa-aika,,,,
2cdj0v2tfqdq5mvopbeo,2806,2020-05-15T16:46:05+03:00,2020-05-20T10:18:19+03:00,"Alueelta puuttuu koiratarha. Lähimmät on monen kilometrin päässä Munkkiniemessä, Pajamäessä ja Etelä-Haagassa. Liikuntavirasto hallussa on tämä ns. Kolmiokenttä, jota ei käytetä jalkapallon pelaamiseen. Keskustelin jalkapallohallin henkilökunnan kanssa ja heillä ei ole kentälle käyttöä. Olivat kanssani samaa mieltä, että kenttä olisi aidattuja sopiva koirille. Pienille ja isoille  koirille voisi helposti tehtävissä puoliskot Huoltoliikenne on helposti hoidettavissa hiekkakentän kautta.",Liikunta,Liikunta,City environment,60.2135213,24.8718074,
3ivrqq3gs7rtq7274cl1,3628,2020-05-20T14:43:04+03:00,2020-05-23T18:16:11+03:00,"Hei, milloin kaupungin sisäliikuntapaikat aukeavat?",Liikunta,Liikunta,,,,
3hc4o1gm090010tr6q94,2809,2020-02-04T22:31:14+02:00,2020-02-10T15:44:39+02:00,"Hei! Jätkäsaaren tekojään pikkareihin tai 'pihan puolelle' ei pääse lastenvaunujen kanssa. Toiselta puolelta alue on aidattu ja pääsisäänkäynnin luota puuttuu luiska rattaille. Portaat ovat sen verran leveät, että metalli- tai vastaava luiska varmasti mahtuu. Huomioikaa myös lastenvaunujen kanssa kentälle tulevat. Kiitos. :) ",Liikunta,Liikunta,General and other feedback,60.156902,24.9132808,
1d69fuk1u05c2tp6lmsa,2807,2020-02-29T16:26:01+02:00,2020-03-04T13:05:04+02:00,"Hei! Kun talvi on ollut mikä on, ja nyt vihdoin talvi on tullut, miksi vain viikon enää tekojää auki? Eikö voisi kelin mukaan pitää auki? Liikunnan edistäminen on kaupunginkin etu. Kiitos. ",Liikunta,Liikunta,Culture and leisure,60.175965,25.0545192,
2bp08httf8f7lsi2bqv9,2807,2020-04-06T14:32:29+03:00,2020-04-07T13:37:33+03:00,"Hei. Koska Ala-Malmin liikuntapuiston tenniskentät saavat  pinnoitteen ja kentät ovat käyttökunnossa? ",Liikunta,Liikunta,Culture and leisure,60.2472925,25.0235993,
3gsnirp9cvmth10h6o7f,2809,2019-07-15T11:10:31+03:00,2019-07-16T08:47:50+03:00,"Hei. Lehdissä on lukenut, että kenttä pinnoitetaan uudelleen tänä kesänä. Koska pinnoitus on tarkalleen tarkoitus tehdä? ",Liikunta,Liikunta,General and other feedback,60.248217,25.0238347,
2eup8lqpvt8bi5vmltt5,2809,2019-11-30T13:35:38+02:00,2019-12-03T10:18:41+02:00,"Herttoniemenrannan liikuntapuiston katsomo vaarallinen. Lauta rikki. ",Liikunta,Liikunta,General and other feedback,60.1906746,25.0301738,https://asiointi.hel.fi/palautews/rest/v1/attachment/2tgde0msu2fj865do3us.HEIC
k37037pnj3f6r55enr72,2809,2019-07-16T20:16:34+03:00,2019-07-18T09:00:07+03:00,"Hietsuun istutettu hieno uusi nurmikko beach volley kenttien läheisyyteen, mutta nyt hanhet syö ja kakkoo uuden nurmikon pilalle. Samoin uusittu kävelytie kakattu täyteen. Voisiko kaupunki puuttua jotenkin hanhi ongelmaan? Joka paikka täynnä kakkaa. ",Liikunta,Liikunta,General and other feedback,60.1738251,24.9065884,
sav15fhm3fsmt4abp0t0,2807,2020-05-09T13:21:44+03:00,2020-05-11T10:55:13+03:00,"Huussit kattoa myöten täynnä. Polttopuita voisi grillipaikoille tuoda. ",Liikunta,Liikunta,Culture and leisure,60.1684792,25.352728,
26960efkhl70uf7hbvrt,2809,2019-11-27T18:54:47+02:00,2019-11-29T12:17:14+02:00,"Jalkapallokentän parkkipaikka on niin huonossa kunnossa ja täynnä syviä koloja, että eteneminen on lähes mahdotonta ",Liikunta,Liikunta,General and other feedback,60.2187119,24.8489119,
2648b61vi41nr87fdh0m,2807,2019-08-04T17:48:05+03:00,2019-08-12T08:00:37+03:00,"Kartanon kentän yksi korisukka on rikki ja korirauta vaikuttaa olevan löysästi kiinni levyssä. Kannattanee kiinnittää se kunnolla ennen kuin se hajoaa.",Liikunta,Liikunta,Culture and leisure,60.2126291,25.1566516,https://asiointi.hel.fi/palautews/rest/v1/attachment/3r2p54mgbjqkhgq6s388.jpg
ac7olq4bls48rpne6kki,2806,2019-07-17T11:20:00+03:00,2019-07-18T10:07:55+03:00,"Kiipeilyteline rikki Paloheinän majan viereisessä puistossa. Yksi naru irrallaan ja siitä puuttuu lukko, toinen naru kaipaa kiristystä.",Liikunta,Liikunta,City environment,60.2550954,24.9172654,https://asiointi.hel.fi/palautews/rest/v1/attachment/3c05t56skjph271ijr54.jpg
1u1thvhh22huamu5pgej,2807,2019-08-09T10:23:28+03:00,2019-08-14T10:58:25+03:00,"Kiipeilytelineen liukumäki on rikki. Korjattava pian. ",Liikunta,Liikunta,Culture and leisure,60.2185686,25.077934,
1j66p1k7kim2j1f4qcgs,2807,2019-06-30T19:33:28+03:00,2019-07-04T16:18:59+03:00,"Kivikon urheilupuistossa ei edelleenkään ole korisukkia! Lisäksi jostain syystä valaistus on täysillä keskellä kesää.",Liikunta,Liikunta,Culture and leisure,60.2384518,25.0544244,https://asiointi.hel.fi/palautews/rest/v1/attachment/66508rr1m1fko5e497ll.JPG
5tda60enp05vrf3hoalo,2806,2020-04-19T16:34:39+03:00,2020-04-20T14:23:50+03:00,"Koripallotelineiden sukista ei ole jäljellä enää kuin muutama naru.",Liikunta,Liikunta,City environment,60.2351029,25.1230787,
2livn9kqlfa708auctmn,2807,2020-05-06T18:44:28+03:00,2020-05-07T14:33:52+03:00,"Koudan kentälle odotetaan koripallokoreja takaisin. Pelaajia varmasti riittäisi läpi kesän.",Liikunta,Liikunta,Culture and leisure,60.2678733,25.0533169,https://asiointi.hel.fi/palautews/rest/v1/attachment/dsqn4rrt9607hn9usa6s.jpg
1984l4r4c4iqu8770n5d,2807,2019-09-01T11:17:41+03:00,2019-09-03T11:04:11+03:00,"Kuntoilulaite rikki. Korjausta kaivataan.",Liikunta,Liikunta,Culture and leisure,60.2248202,24.8617851,https://asiointi.hel.fi/palautews/rest/v1/attachment/3si8vtv27gtcn489kg1i.jpg
3o0leq16h6m2qaqvmq4p,2807,2019-09-09T18:11:24+03:00,2019-09-12T10:58:34+03:00,"Kuntoilulaitteita rikki.",Liikunta,Liikunta,Culture and leisure,60.1956641,24.8758792,https://asiointi.hel.fi/palautews/rest/v1/attachment/346le6ae3bt9a535qm19.JPG
1bvlg57grm47csihbau2,2809,2019-11-05T09:17:19+02:00,2019-11-06T09:59:34+02:00,"Kuntopailan ohjetaulu rikottu, voisi korjata/vaihtaa.",Liikunta,Liikunta,General and other feedback,60.2740395,25.0203297,
1hhv22itvbqnjuedrgrn,2806,2020-04-22T11:34:49+03:00,2020-04-24T12:38:26+03:00,"Kyseinen tie on turvallisuus riski lapsille, koska ns golffarit ajaa todella lujaa, olisiko jonkinlainen hidasteiden laittoa ",Liikunta,Liikunta,City environment,60.2153737,24.8662263,https://asiointi.hel.fi/palautews/rest/v1/attachment/2be4hbfhuvjt98bi8h6t.jpg
1fmujt8kqiebu1sj16v8,2806,2019-11-18T20:49:00+02:00,2019-11-20T10:57:28+02:00,"Latupohjaa varten tehty tasoitusta, samalla tasoitettu oja, joka ohjannut vedet pois alueelta. Seurauksena puut kuolevat pystyyn ja vesi tulvii tielle ympäri vuoden. Voisiko ojan kaivaa takaisin tai salaojitta paikan. Viereisen golfkentän vedet jo ohjattu läheiseen metsään joka jo kuollut pystyyn. Näinkö tuhotaan Keskuspuistoa?",Liikunta,Liikunta,City environment,60.2590632,24.9347581,https://asiointi.hel.fi/palautews/rest/v1/attachment/22bhoaie5n68s4mq2n7a.JPG
2uiei0he7cb1gm4mln53,2806,2019-09-24T23:00:46+03:00,2019-09-26T11:03:56+03:00,"Lauttasaaressa (Katajaharjussa) Nackapuistossa on tehty padelkenttäalue, jossa on kolme pelikenttää. Jostain syystä alueella palavat ERITTÄIN kirkkaat valot jopa silloinkin kun kentät ovat kiinni. Esimerkiksi 23.9. kello 21.45 valot paloivat täysillä, vaikka kentät olivat suljetut. Samoin seuraavana päivänä. Tämä on erittäin väärin, koska  Nackapuistossa pesii kolme lepakkolajia, joille turhasta valosaasteesta koituu haittaa. ",Liikunta,Liikunta,City environment,60.1639458,24.8675159,https://asiointi.hel.fi/palautews/rest/v1/attachment/g758ru0vc2m4a16ndstk.JPG
3v1n61qknf4a1qmd3o44,2809,2020-03-18T13:12:53+02:00,2020-03-24T08:42:49+02:00,"Liukumäki on vasrallinen ja pitäisi korjata",Liikunta,Liikunta,General and other feedback,60.1899211,25.0282265,https://asiointi.hel.fi/palautews/rest/v1/attachment/313q3ddql1ehhmif8q45.HEIC
3etup2smb81vlknt5c47,2806,2019-08-07T18:03:33+03:00,2019-08-14T10:43:57+03:00,"Miksi ihan Veijarivuoren uimarannan vieressä Lauttasaaressa makaa pari metriä korkea likainen hiekkakasa? Se on ollut paikalla jo kuukausia. Alla on kasvillisuus tietysti täysin tuhoutunut. Onko ranta muuttunut kaatopaikaksi?",Liikunta,Liikunta,City environment,60.1465474,24.8824006,https://asiointi.hel.fi/palautews/rest/v1/attachment/3u9crc21f1nf8kth96o2.JPG
3t8i0e979k5ucnhge2pe,2809,2020-03-07T09:21:42+02:00,2020-04-14T14:32:51+03:00,"Mölylän kohdalla on ulkoilupolkuun tullut pitkä ja syvä railo. Onnettomuusriski, josjoku astuu siihen",Liikunta,Liikunta,General and other feedback,60.2103053,25.0226529,https://asiointi.hel.fi/palautews/rest/v1/attachment/28qbsedrqq2qdlpqqrc4.jpg
1bkc0n4570r5e9p8svs4,2809,2020-03-30T12:29:42+03:00,2020-03-30T14:17:33+03:00,"Nuoriso pelaa edelleen joukolla pallopelejä mm Arabian kentillä. Muissa maissa kokoontumisia on rajoitettu mm. purkamalla tai viemällä tilapäisesti pois urheilukalusteita. Olisi varmaan aihetta harkita meilläkin.",Liikunta,Liikunta,General and other feedback,60.2055749,24.9755471,
i0cp48asjdmaolidghhu,2809,2020-02-20T11:11:54+02:00,2020-02-24T11:01:37+02:00,"Olisiko nyt mahdollista kunnostaa Porvariskuninkaan uimarantaa myrskyn ja vesivalumien jäljistä? Lumitöistä vapautuneet resurssit olisi hyvä käyttää täällä. ",Liikunta,Liikunta,General and other feedback,60.1597196,25.0877711,
10k7bnbougsbkplhvkjd,2806,2019-08-19T08:02:56+03:00,2019-08-21T10:04:54+03:00,"Onko estettä istuttaa puita uuden baseball-kentän ja vanhan ulkoilutien väliin estämään pallojen lentämistä ihmisten päälle? Nyt alueella epävirallisen näköisiä varoituskylttejä.",Liikunta,Liikunta,City environment,60.215512,25.0707835,
3adpvl87jgstam8v0bs3,2809,2020-03-10T16:02:23+02:00,2020-03-17T07:29:41+02:00,"Onko tuo sähköturvallinen? Puotilan ranta, lasten leikkipaikan ja ulkokuntoilupisteen vieressä.",Liikunta,Liikunta,General and other feedback,60.2093473,25.1085901,https://asiointi.hel.fi/palautews/rest/v1/attachment/3ich4iknq73gbalri5gp.HEIC
155mh40sf8q479m6d1ng,2807,2020-05-25T20:07:13+03:00,2020-05-28T09:48:44+03:00,"Punaisista kiipeilytelineistä on ruuveja löysällä. Yksi pultti myös puuttuu.",Liikunta,Liikunta,Culture and leisure,60.2347246,24.9085269,
10plhpkce2clod1d3tvb,2809,2019-08-04T20:19:08+03:00,2019-08-09T13:58:19+03:00,"Pururadalta parkkipaikan suuntaan on valaisematon tie, jonka poikki on asetettu puinen puomi ilman mitään heijastimia tai muita huomiolaitteita. Törmäysvaara!",Liikunta,Liikunta,General and other feedback,60.2554112,24.9201002,
1m6va4dcahfvtbscgq91,2807,2020-03-21T15:06:15+02:00,2020-03-24T13:51:24+02:00,"Pyörän lukolla kiinnitetty teline liikuntavälineeseen. Pitäisi poistaa ettei kukaan kopsauta itseään. ",Liikunta,Liikunta,Culture and leisure,60.2373034,24.8520755,https://asiointi.hel.fi/palautews/rest/v1/attachment/35n63p1hduchhgcm2j3j.jpg
33fp9hq5dfton6uob0al,2806,2019-06-24T20:19:46+03:00,2019-06-27T08:42:52+03:00,"Rastilan uimarannalle johtava raitti, heti alikulkutunnelin jälkeen rannalle päin vasemmalla.",Liikunta,Liikunta,City environment,60.2069176,25.1160481,https://asiointi.hel.fi/palautews/rest/v1/attachment/3csvb1p9m73t4etnb24s.jpg
sosmnnjln416t4f7hf8k,2807,2019-07-06T11:00:48+03:00,2019-07-09T14:07:31+03:00,"Talin perhepolun nyrkkeilysäkkiä ja pyörivää keinulautaa tukeva pylväs huojuu ja heiluu. ",Liikunta,Liikunta,Culture and leisure,60.2112837,24.8690385,https://asiointi.hel.fi/palautews/rest/v1/attachment/2unk2be1h9tprl09unpv.HEIC
1da16lev3gqpfk50o85j,2809,2020-03-04T18:18:50+02:00,2020-03-05T13:27:31+02:00,"Tämä urheilukone on pitkä velvollisuudenpidon, - urheiluhallin asiakkaat, joissa mccaskset uivat ja vanhat. Toivottavasti huomio. Ja kiitos",Liikunta,Liikunta,General and other feedback,60.2126814,25.0768378,https://asiointi.hel.fi/palautews/rest/v1/attachment/19ltipnfbp06f3fe70sb.HEIC
1i468nmdcbn5qea7a1lv,2806,2020-02-16T14:10:35+02:00,2020-02-21T13:15:23+02:00,"Tuore halli, ikkunajulkisivu vuotaa. Takuu?",Liikunta,Liikunta,City environment,60.2461467,24.8919562,
343898ueb2epsthd305a,2806,2020-05-17T14:26:23+03:00,2020-05-20T08:48:20+03:00,"Uimarannalla pari kesää ollut puinen penkki-pöytä yhdistelmä on jatkuvan polttamisen kohteena. Jostain syystä en pysty liittämään kuvaa kohteesta. ",Liikunta,Liikunta,City environment,60.2092575,25.1086078,
2494tq0bpaekmcir42p5,2806,2020-02-13T08:28:08+02:00,2020-02-13T15:37:48+02:00,"Uimarannan leikkitelineen vanerilattia on niin pahasti laho, että hajoaa kohta. Notkuu jalkojen alla, kun sinne kiipeää portaita.",Liikunta,Liikunta,City environment,60.2076876,25.1368804,https://asiointi.hel.fi/palautews/rest/v1/attachment/dcg2v1j6i4g80ruple36.PNG
3410ud4ejpkfs3816mvk,2809,2019-07-25T13:46:30+03:00,2019-07-29T13:28:46+03:00,"Uimarannan VC on taas tyhjennystä vaille. Siivous olis myös paikallaan. Oisko toinen VC koppi mahdoton saada tänne!",Liikunta,Liikunta,General and other feedback,60.2571387,24.9777482,https://asiointi.hel.fi/palautews/rest/v1/attachment/o19mmkt91f8i3g1m5ggo.jpg
29t6pb58pdhnot82ias0,2809,2019-11-05T09:16:15+02:00,2019-11-06T09:56:54+02:00,"Urheilukentän pukuhuoneen/rakennuksen seinä sotkettu, voisi putsata sotkut pois.",Liikunta,Liikunta,General and other feedback,60.2738422,25.0192092,
11rrn9i42pge4n6jk0tp,2807,2020-03-31T07:22:02+03:00,2020-04-02T14:01:32+03:00,"Väärässä ajassa kesällä oleva aurinkokello jota nuorena poikana kävin aina katsomassa  on Hietaniemen uimarannan kumarrella koriskentän vieressä. Olisiko mahdollista saada se kesäaikaan.? Kiitos.",Liikunta,Liikunta,Culture and leisure,60.1740681,24.9074524,
1g17r9pj4gaqcorsai2h,2809,2020-05-09T13:18:50+03:00,2020-05-11T10:56:41+03:00,"Veneilijöitä on kuitenkin liikkeellä, ei riitä selitykseksi että kausi ei ole vielä alkanut. Ulkoilualue osta pitää huolehtia.",Liikunta,Liikunta,General and other feedback,60.168434,25.3528176,
3lo6e5duaq5r4ml0c9mk,2809,2020-02-04T09:48:41+02:00,2020-02-10T15:43:37+02:00,"Viikin hiekkalentän huoltokoppi ja kentän ympäristö on töhritty mm. rasistisilla töhryillä ja graffiteilla.",Liikunta,Liikunta,General and other feedback,60.2279591,25.0263463,
1kkl02kjhhrq0nfg8hee,2806,2020-04-18T13:13:53+03:00,2020-04-20T14:54:59+03:00,"Voisiko Talin golfkenttää harkita siirrettävän muualle ja sen melko laajaa aluetta avata kaikille avoimeksi ulkoilualueeksi? Miten laajaa käyttäjäkuntaa golfkenttä palvelee nykyisellään verrattuna siihen, että se olisi ympäröivien alueiden asukkaiden vapaassa käytössä? Mistä Talin golfkentän käyttäjät tulevat? Ovatko käyttäjät lähiympäristön asukkaita vai tulevatko kauempaa? ",Liikunta,Liikunta,City environment,60.2123587,24.8582843,
3v5qu8ia4889p8kre0na,2807,2020-04-10T10:31:26+03:00,2020-04-14T13:09:24+03:00,"Vuosaaren sillalta on kateissa pelastusrengas joka on tippunut veteen ja löytynyt Rastilan rannasta. Pelastusrengas on tällä hetkellä Helsingin ladun uimareiden Uimakontissa Rastilan rannalla.",Liikunta,Liikunta,Culture and leisure,60.2082151,25.1100832,
35u23h58v89bf4b6jtfd,3561,2019-07-19T09:15:16+03:00,2019-07-26T11:34:42+03:00," Aino Achteen puiston skeittiradan molok roskiksen pussi on ollut jo puoli vuotta revittynä ulos , onko sen korjaaminen jonkun vastuulla ? Staran työntekijät eivät ole voineet olla havaitsematta asiaa ajellaanhan siinä nurmikoita muutaman viikon välein.",Puhtaanapito,Kaupunkiympäristö,,60.2255343,24.8860154,
3pjk074r69jp828nf53h,2806,2019-08-26T12:27:35+03:00,2019-08-27T10:08:04+03:00,"...hieman siivottavaa ",Puhtaanapito,Kaupunkiympäristö,City environment,60.1980343,25.1326755,https://asiointi.hel.fi/palautews/rest/v1/attachment/3hk2g3qgooo3trtdd6ip.JPG
25sb6ajc7d0qfgs754if,2809,2020-05-06T07:05:41+03:00,2020-06-01T18:00:02+03:00,"6.5 kaikki Aurinkolahden rannan roskikset aivan täynnä. Tyhjennysväliä pitäisi tihentää kun paljon ihmisiä liikkeellä.",Puhtaanapito,Kaupunkiympäristö,General and other feedback,60.2029665,25.160879,
3rm28cqdfoc3oq451j4h,2806,2020-01-25T11:09:47+02:00,2020-01-27T13:35:42+02:00,"Aallonhalkojan katuroskikset ovat olleet tyhjentämättä jo vaikka kuinka kauan",Puhtaanapito,Kaupunkiympäristö,City environment,60.1812702,24.9793853,
14g8ffaongj9l9lfh3fn,2806,2020-05-01T12:46:48+03:00,2020-05-04T13:00:43+03:00,"Aivan luonnonsuojelualueen rajalla maa täynnä muovia. Muovia on selkeästi maan alla järkyttävä määrä ja nyt siitä pieni osa näkyy maan pinnan päällä.",Puhtaanapito,Kaupunkiympäristö,City environment,60.2055219,25.0195118,https://asiointi.hel.fi/palautews/rest/v1/attachment/36qnldjagkdvrap7t28a.JPG
24bvk39lj03076d8o9rr,2806,2020-03-24T22:37:41+02:00,2020-03-26T11:46:31+02:00,"Alikulkuun töhritty spraymaalitöherryksiä.",Puhtaanapito,Kaupunkiympäristö,City environment,60.2353139,25.1277362,https://asiointi.hel.fi/palautews/rest/v1/attachment/ks1aj9us52lu69bu1lmk.JPG
8prjt4vn8tmn1buoo4ve,2806,2020-02-02T22:15:11+02:00,2020-02-12T12:10:01+02:00,"Alikulussa erinäisiä spraymaali-töherryksiä. Ne voisi putsata pois.",Puhtaanapito,Kaupunkiympäristö,City environment,60.2365466,25.124492,https://asiointi.hel.fi/palautews/rest/v1/attachment/18bbaji4p1rhmhu70vnh.JPG
30mlgmceb0nj5js7159s,2809,2020-04-27T14:00:27+03:00,2020-05-04T05:50:01+03:00,"Alppiruusupuistossa iso roskis aivan täynnä.",Puhtaanapito,Kaupunkiympäristö,General and other feedback,60.2214664,24.8943287,
gr0usrerqku9kvume7dd,2806,2019-09-05T10:37:38+03:00,2019-09-05T13:51:02+03:00,"Alue on siivoton ja haittaa virkistyskäyttöä. Vieraslajeja kuten kurttulehtiruusua sisältävä puutarhajäte ei kuulu jättömaalle kasoihin. ",Puhtaanapito,Kaupunkiympäristö,City environment,60.1777333,24.9122169,https://asiointi.hel.fi/palautews/rest/v1/attachment/3cgbjj1fdgcqt7q4amf1.jpg
1j180vfn3hni0kfsbpi1,2985,2020-04-25T13:00:05+03:00,2020-06-02T10:16:18+03:00,"Alueella paljon isoja roskia, kuten patjoja ja metalliromua. Romua niin paljon ja niin isoja ettei niitä pysty keräämään pois yksinään. Tämä romuläjä on aivan luonnonsuojelualueen rajan päällä ja alue kuuluu Helsingin kaupungin omistukseen. Koska Fastholman alue on erityisen tärkeä linnuille, matelijoille ja lepakoille, toivoisin, että siivoaisitte tämän mahdollisimman pian pois. Alueen isompi kartoitus olisi myös tarpeen, koska sieltä löytyy kasoittain roskaa. ",Puhtaanapito,Kaupunkiympäristö,,60.2058175,25.0231908,https://asiointi.hel.fi/palautews/rest/v1/attachment/2l4rg0mj3kkrjai06uao.jpg
tqt1ajht7k2d65e3f4s5,2809,2019-08-17T09:41:32+03:00,2019-08-20T08:45:02+03:00,"Arboristit kövivät katkomassa puiden oksia viime viikolla mutta eivät vieneet kaikkia roskiaan mukanaan. Siovoaisivat jälkensä!",Puhtaanapito,Kaupunkiympäristö,General and other feedback,60.1589311,24.9142839,https://asiointi.hel.fi/palautews/rest/v1/attachment/11u8acbmg8vale2fjer5.jpg
2qakaf1pr2cc70envu6h,2985,2019-06-11T18:58:43+03:00,2019-06-14T13:38:11+03:00,"Arhotielle on saatu uusi, ehjä roskis ja asfalttijätös (josta ilmoitin kolmesti) Orvokkitieltä käytiin siivoamassa. Tämä toimii sittenkin.👍",Puhtaanapito,Kaupunkiympäristö,,60.2158588,25.0907712,
3q90c3o8vsr7iqub0bo5,2806,2020-04-13T21:40:38+03:00,2020-04-16T14:05:43+03:00,"Äskettäin putsattu alikulku töhritty uudelleen.",Puhtaanapito,Kaupunkiympäristö,City environment,60.2365287,25.1244739,https://asiointi.hel.fi/palautews/rest/v1/attachment/3v53pd3b5hssrq9bbk45.JPG
3kj342f0482cus2bf509,2806,2019-09-05T12:22:10+03:00,2019-09-06T10:30:04+03:00,"Aukion roskis alkaa olla täynnä ja roskat leviävät kadulle. ",Puhtaanapito,Kaupunkiympäristö,City environment,60.2523087,24.8506895,https://asiointi.hel.fi/palautews/rest/v1/attachment/rib0t3bvd7fqpnrdfng6.JPG
3tvdtmjh80hcte3kd8d8,2806,2020-02-23T11:11:14+02:00,2020-02-24T15:06:43+02:00,"Autokatoksen viereen on muodostunut paikka, jonne ihmiset ovat dumpanneet maata, risujätettä, joulukuusia yms. jätettä. Tämä ei varmaan ole luvallista asumiseen kaavoitetulla alueella, eikä ainakaan edistä asumisviihtyvyyttä.",Puhtaanapito,Kaupunkiympäristö,City environment,60.2653527,24.9915993,
1esu86i577imms3l3vg1,2809,2020-01-01T23:23:02+02:00,2020-01-10T15:00:02+02:00,"Betonimuuri on sotkettu tageilla ja kirjoituksilla. Pitäisi puhdistaa, koska yksikin sotku tuo yleensä siihen viereen lisää.",Puhtaanapito,Kaupunkiympäristö,General and other feedback,60.1912268,25.0663871,
1421ericj8cv0g3sdrc0,2806,2019-12-10T18:14:39+02:00,2020-01-28T15:00:02+02:00,"Bunkkerin, urheilupuiston ja yläkoulun välissä sijaitseva pönttöroskis on jo viikkokausia ollut aivan täynnä. Koirankakkapussit vierivät ympäristössä. Kaipaa tyhjennystä pian!",Puhtaanapito,Kaupunkiympäristö,City environment,60.1553254,24.9182005,https://asiointi.hel.fi/palautews/rest/v1/attachment/1cr4khan4ehm1fo307sh.PNG
3ao5sqhcinceugeeks9r,2809,2019-09-16T09:04:42+03:00,2019-09-19T08:45:02+03:00,"Bussipysäkillä oleva roskis pursuaa ja roskia paljon maassa.",Puhtaanapito,Kaupunkiympäristö,General and other feedback,60.2092094,24.944073,
2l0hiqvmekatsm3j8n58,2809,2019-09-24T10:21:39+03:00,2019-09-27T07:35:03+03:00,"Bussipysäkin roskis on ihan täysi ja roskia on maassakin.",Puhtaanapito,Kaupunkiympäristö,General and other feedback,60.2550573,24.9486364,
15b9fer6nk8nejj6cckd,2806,2019-07-22T21:48:41+03:00,2019-07-23T15:19:15+03:00,"Bussipysäkki töhritty",Puhtaanapito,Kaupunkiympäristö,City environment,60.2696051,25.024049,
hsqlo20evqllcls7voj3,2809,2020-04-18T15:16:24+03:00,2020-04-28T16:35:02+03:00,"Crusellin sillan alla on lisää kuvia ja graffiiitteja jotka pitäisi poistaa, jotta ne eivät kerää lisää töhryjä. Sillan alus saa paikan näyttämään slummilta.",Puhtaanapito,Kaupunkiympäristö,General and other feedback,60.1593939,24.9083941,https://asiointi.hel.fi/palautews/rest/v1/attachment/30a8l90f5o0l6p7cjt8l.jpg
2ej88nja35fukhmj10d1,2809,2020-03-15T14:52:41+02:00,2020-03-17T14:57:16+02:00,"Damtsnahu 2:,n kadu reunuksia ei kai putsata koskaan?",Puhtaanapito,Kaupunkiympäristö,General and other feedback,60.16223,24.9221814,https://asiointi.hel.fi/palautews/rest/v1/attachment/vvdn9stpi77qe7kvta4j.jpg
37j49rs0gkd8run67qta,2806,2020-03-22T11:30:02+02:00,2020-03-26T10:56:12+02:00,"Dumpattu jätteitä rantapenkereelle",Puhtaanapito,Kaupunkiympäristö,City environment,60.2646413,24.97357,https://asiointi.hel.fi/palautews/rest/v1/attachment/3flbc9rlj37sup0ffm9q.jpg
q3ach5fi6gpdu75nmdkm,2806,2020-04-14T15:09:17+03:00,2020-04-27T08:10:02+03:00,"Eikö näitä voisi siivota edes kerran vuodessa? ",Puhtaanapito,Kaupunkiympäristö,City environment,60.1552905,24.919695,https://asiointi.hel.fi/palautews/rest/v1/attachment/6se27kqkpofoelf52fsd.jpg
3pdd2fo54fbqje39ufqj,2809,2020-03-25T12:58:40+02:00,2020-03-27T06:05:01+02:00,"Eikö olis syytä puhdistaa. ",Puhtaanapito,Kaupunkiympäristö,General and other feedback,60.1676803,24.9445219,https://asiointi.hel.fi/palautews/rest/v1/attachment/23d14rl3ntsvfun2vcbt.jpg
3iv1febv3coknra90vet,2809,2019-07-23T21:09:29+03:00,2019-07-25T07:50:02+03:00,"Että tällaista jälkeä roskapussit jätetty leviämään pitkin katua....kuka näitä valvoo hiekat oli vielä kesäkuussa poistatta ym",Puhtaanapito,Kaupunkiympäristö,General and other feedback,60.2787828,25.0406833,https://asiointi.hel.fi/palautews/rest/v1/attachment/1igepca8mf0tg436p17e.jpg
un4rpmkrnvcqltbru5nr,2806,2020-02-02T12:25:57+02:00,2020-02-07T10:15:01+02:00,"Graffiteja paljon koko Ruoholahden kanavan reunoilla ja siltojen alla.",Puhtaanapito,Kaupunkiympäristö,City environment,60.1614831,24.9190136,https://asiointi.hel.fi/palautews/rest/v1/attachment/1p90tbcnhcdnpu349cda.jpg
el31ajgaioata1qknruq,2806,2020-01-26T19:26:27+02:00,2020-02-06T15:25:01+02:00,"Graffitin voisi käydä putsaamassa pois.",Puhtaanapito,Kaupunkiympäristö,City environment,60.2373695,25.1072387,https://asiointi.hel.fi/palautews/rest/v1/attachment/27542isaa98pckfv23ks.JPG
3i1rak5ang9mjulgqjhr,2806,2019-12-03T11:14:34+02:00,2019-12-04T13:13:38+02:00,"Hakaristejä ja muuta sotkua maalattu kallioihin. Muutenkin silokallioiden halkeamat täynnä roskaa, roskapusseja, jopa tyynyjä ym. ",Puhtaanapito,Kaupunkiympäristö,City environment,60.1631888,24.8833677,https://asiointi.hel.fi/palautews/rest/v1/attachment/18df8cj8c5vnoopjmi0b.jpg
3abu8ajj9apm8e9q3eoo,2984,2020-05-05T07:54:07+03:00,2020-05-08T12:19:34+03:00,"Hei ilmalan rinteen polulle on jälleen kerätty kaatopaikkajätettä. Paikka lienee tiedossa. Tämä kasa on lähellä rataa",Puhtaanapito,Kaupunkiympäristö,,60.2108441,24.9129581,
147b8e4he855fvjlj0e4,2806,2019-06-07T22:42:08+03:00,2019-06-13T11:45:01+03:00,"Hei joku neropatti kaatanut ison kaupungin roskakorin nurin ja sotkenut penkin Karhulantie 2 vastapäätä lähtevällä hiekkatiellä heti alussa. Olisi kiva,jos se nostettaisiin ja tyhjennettäisiin. On painava.En jaksa nostaa.Kiitos.",Puhtaanapito,Kaupunkiympäristö,City environment,60.2149674,25.1066785,https://asiointi.hel.fi/palautews/rest/v1/attachment/9g5httb11vc596lpdt9t.jpg
394dlss3s7rskoggbhio,2806,2020-02-14T15:28:07+02:00,2020-02-27T12:45:02+02:00,"Hei rakennustyömaalta on levinnyt romua ja jätteitä väylille mm. isoja eristelevyjä, muovia, hiekka, irtokiviä ja muuta roskaa.",Puhtaanapito,Kaupunkiympäristö,City environment,60.2359358,24.8750049,
2nca6oivvpdr0mvpfjli,2809,2020-04-20T13:02:30+03:00,2020-04-29T12:35:02+03:00,"Hei, Fastholmassa kerätty metalliroska kerätty metsästä kasaan, mutta ei pystytä kuljettamaan pois. Voisiko nämä roskat tulla keräämään pois. Koko alue muutenkin muoviroskan peitossa, että isompi siivousoperaatio pitäisi suunnitella alueelle. ",Puhtaanapito,Kaupunkiympäristö,General and other feedback,60.2052522,25.0219822,
1llr5qnt527lea9eqina,2809,2020-05-30T18:59:51+03:00,2020-05-30T18:59:51+03:00,"Hei, kaikki isot ja pienemmät roskikset ovat täynnä ja roskapusseja roskisten vieressä jo 15.00 30.5.2020. Aamuun mennessä eläimet on levittäneet jo kaikki roskat ympäriinsä.",Puhtaanapito,Kaupunkiympäristö,General and other feedback,60.1870002,25.1444541,
299clgmqr7fgeckmh3hn,2806,2019-08-13T07:47:16+03:00,2019-08-16T06:55:02+03:00,"Hei, pk Kuminan edessä on edelleen korjaamatta kevätsiivouksen sorakasa. ",Puhtaanapito,Kaupunkiympäristö,City environment,60.2792173,25.0258815,https://asiointi.hel.fi/palautews/rest/v1/attachment/1rvbq6aqv4vk0f90n0bo.HEIC
mvtlhvkn1proaso4o7vm,2809,2020-01-28T09:55:24+02:00,2020-01-31T08:45:01+02:00,"Hei, roskikset Aallonhalkojan jalkakäytävällä tyhjentämättä jo pitkään. Nämä täytyisi tyhjentää usein, roskista päätellen esim. rakennusmiehet käyttävät paljon roskiksia takeawaykuppien ym. hävitykseen. Lisäksi meri on aivan vieressä, ja olen huolissani sinne päätyvästä roskasta. Eikö valmiin kadun vastuu kuuluisi yleisten alueiden kunnossapidolle eikä alueen rakentamisesta vastaaville (kuten toiseen palautteeseen oli vastattu)?",Puhtaanapito,Kaupunkiympäristö,General and other feedback,60.1817009,24.9788805,
3gd60esue5jkc4hb8gt1,2806,2020-05-04T09:28:26+03:00,2020-05-08T07:35:01+03:00,"Hei, Väylä-virasto on (taas) puhdistanut Käpylän aseman hiekoitushiekat ja muut roskat Panuntielle. Voisitteko tulla siistimään kadun? Siistiminen vaatinee harjakoneen tai imuauton. Hiekoitushiekka on vaarallista risteysalueella suojatien ympäristössä.",Puhtaanapito,Kaupunkiympäristö,City environment,60.220879,24.9482027,
lbnvkq3j7918nvp3ej6u,2985,2019-12-20T14:15:30+02:00,2019-12-27T14:00:29+02:00,"Hei,muuten tyytyväisenä itähelsinkiläisenä olen ikäväkseni huomannut kaduilla,Kivensilmänkuja/Yläkiventie ja metroaseman alue tupakantumppeja,paperia ym. sotkua pitemmän aikaa,onko siivous lopetettu vai kenelle kuuluu vastuu siisteydestä?",Puhtaanapito,Kaupunkiympäristö,,,,
31pnf7ah967mtjcjdkvm,2806,2020-01-25T17:06:28+02:00,2020-01-30T07:45:02+02:00,"Hei! Roskis odottaa kovin tyhjennystä Kuninkaantammen ulkoilualueella, kiitos! ",Puhtaanapito,Kaupunkiympäristö,City environment,60.2577295,24.8867343,https://asiointi.hel.fi/palautews/rest/v1/attachment/35pslp2ijfo0jshrk3op.jpg
2ahiuvssftafbi8okdvq,2806,2019-06-15T09:53:17+03:00,2019-07-11T11:40:07+03:00,"Hei. Lokitien päässä Vuosaaressa, rantaraitilla oleva syväkeräysastia haisee raadolta. Voisiko sen tyhjentää. Kiitos.",Puhtaanapito,Kaupunkiympäristö,City environment,60.2123158,25.1216405,https://asiointi.hel.fi/palautews/rest/v1/attachment/1lnvh6mqns0134j4t3nu.jpg
1trrhihdgur30fo066dc,3486,2020-02-02T12:58:45+02:00,2020-02-06T14:23:12+02:00,"Hei. Puotinharjun ostarin edustalla, Turunlinnantien kupeessa oleva roska-astia on taas täynnä, ja roskat on levinneet pitkin viereistä kevyen liikenteen väylää. Roskis on aivan liian pieni, eikö siihen voi laittaa isompaa, niin vältyttäisiin tältä jatkuvalta ongelmalta. Tai voisihan sen ehkä tyhjentää useammin. Kiitos. Kuva otettu 2.2. n klo 13. ",Puhtaanapito,Kaupunkiympäristö,,60.2121673,25.0810031,https://asiointi.hel.fi/palautews/rest/v1/attachment/2ta3iao3o4f3m4abit4q.jpg
2hcf6n35likdpbmh9e69,2806,2020-05-25T15:35:19+03:00,2020-05-27T14:09:50+03:00,"Herttoniemenrannassa Tuorinniemen uimarannan läheisyydessä sijaitsevat tolpparoskikset ovat usein täynnä. Aiheuttaa ylimääräistä roskaa kun lokit ym kaivelevat ja levittävät roskia. Voisiko roskisten määrää lisätä tai tyhjennyskertoja tihentää? ",Puhtaanapito,Kaupunkiympäristö,City environment,,,https://asiointi.hel.fi/palautews/rest/v1/attachment/2c57v7oia99ebmpq0513.png
1a6b64pmhmq206sl3gde,2809,2019-12-30T11:10:09+02:00,2020-01-14T13:15:02+02:00,"Hietaniemen rantaraitin kaikki penkit on sotkettu. Pystyykö näitä putsaamaan?",Puhtaanapito,Kaupunkiympäristö,General and other feedback,60.1693169,24.9162383,https://asiointi.hel.fi/palautews/rest/v1/attachment/2keb98ifjdvm857t2ksg.jpg
2d9vt8m55mduje33mpj4,2809,2020-04-26T19:49:02+03:00,2020-05-04T10:15:02+03:00,"Hirveät määrät roskia ympäriinsä. Lokit levittäneet kaikkialle. Hyvä olisi iso, suljettava roskis alueelle.",Puhtaanapito,Kaupunkiympäristö,General and other feedback,60.1865444,24.9392274,
38r142kf3onh8sg8i2aa,3020,2020-05-24T11:20:34+03:00,2020-05-27T12:37:44+03:00,"Ilolanpuisto oli eilen la 23.5.2020 klo 13 todella sotkuinen. Roskikset oli täynnä ja paljon roskaa pitkin nurmikkoja. Pienet roskikset eivät ainakaan tällä hetkellä vedä tarpeeksi, ihmiset eivät vie roskia mukanaan vaikka ja linnut levittelevät roskia ympäriinsä.",Puhtaanapito,Kaupunkiympäristö,,60.1822657,24.9451821,
1mvgtmkftej4qf8e687j,2806,2019-09-23T16:26:15+03:00,2019-09-27T07:00:03+03:00,"Jäikö joltain työmaa siivoamatta? Kiviä ja tötteröitä yksi parkkiruudullinen. Olis kiva saada auto tähän.",Puhtaanapito,Kaupunkiympäristö,City environment,60.238673,25.1154563,https://asiointi.hel.fi/palautews/rest/v1/attachment/15ga4eaf79phelukbm5t.jpg
7fco69j5dl32paagqcrs,2806,2020-05-27T19:07:34+03:00,2020-06-02T07:40:02+03:00,"Jäteastia täynnä koiranulkoiluttajien roskia. Sen sijainti on myös huono. Kyseisen pätkän ainoaa penkkiä ei käytännössä voi käyttää, kun vieressä lemuaa auringonlämmittämä koirankakka. Roskia voisi sijoittua vähän matkan päähän seuraavaan valopylvääseen tai kävelyteiden risteykseen, sinne vielä jaksaa penkiltä viedä jäätelöpaperinsa.",Puhtaanapito,Kaupunkiympäristö,City environment,60.2214171,24.9791075,https://asiointi.hel.fi/palautews/rest/v1/attachment/32hk88urdl24kftaho90.HEIC
2jm4pr050cbgjn2voe74,2809,2020-03-05T16:33:02+02:00,2020-03-09T07:45:35+02:00,"Jätelava Merenkulkijankuja 7 VP parkkipaikalla on seissyt yli vuoden samassa paikassa tyhjentämättä. Paikka alkaa olemaan yleinen kaatopaikka. Lava ylitäynnä ja lavan ulkopuolikin alkaa täyttyä romusta.",Puhtaanapito,Kaupunkiympäristö,General and other feedback,60.209749,25.1902199,https://asiointi.hel.fi/palautews/rest/v1/attachment/1762g0momvcbonc330eu.jpg
2e5isutsf912f3afj8q0,2809,2019-06-03T14:49:53+03:00,2019-06-05T10:18:27+03:00,"Jätkäsaaren Saukonpaadessa sijaitseva kierrätyskontin ympäristö on todella siivottomassa kunnossa. Suurin osa roskista sijaitsee kontin päädyssä mistä kontti tyhjennetään.",Puhtaanapito,Kaupunkiympäristö,General and other feedback,60.1584782,24.9081265,https://asiointi.hel.fi/palautews/rest/v1/attachment/1tt39rq9jmfq8v7al5nq.jpg
1teo027pda27t6ns88q2,2806,2020-03-28T19:00:15+02:00,2020-04-07T16:20:01+03:00,"Joku idiootti on kunnostautunut ja tässä parin viime yön aikana sotkenut Mellunmäkeä spraymaalilla oikein urakalla. ",Puhtaanapito,Kaupunkiympäristö,City environment,60.2337369,25.1249867,https://asiointi.hel.fi/palautews/rest/v1/attachment/3ocp5s9fd2uoh1n665ol.JPG
2akugnaiccba6en2388a,2806,2019-08-21T17:33:09+03:00,2019-08-22T16:00:19+03:00,"Kaatopaikka laajenee päivä päivältä. Olisiko roskis syytä poistaa, jos sitä ei tyhjennetä?",Puhtaanapito,Kaupunkiympäristö,City environment,60.1615084,25.0473457,https://asiointi.hel.fi/palautews/rest/v1/attachment/3r1imoi280io9g2e092u.jpg
8ranrafqhf960l7h73ud,2806,2019-12-19T11:40:05+02:00,2019-12-23T09:50:02+02:00,"Kalkkihiekanlaiturin Molok on täynnä + joku hylännyt kalusteita ulkopuolelle.",Puhtaanapito,Kaupunkiympäristö,City environment,60.199228,25.1413706,https://asiointi.hel.fi/palautews/rest/v1/attachment/meh9mfumag2m4odphj1j.jpg
1r1oa1cejdi48kbnijho,2809,2019-12-04T10:55:15+02:00,2019-12-09T08:57:49+02:00,"Kallioita töhritty näköalapaikalla. Samoin rakennelmia ja kallionkolot täytetty roskilla",Puhtaanapito,Kaupunkiympäristö,General and other feedback,60.1649206,24.8828393,https://asiointi.hel.fi/palautews/rest/v1/attachment/1qnh2n6cfdeajusegq4f.jpg
s57u3q42g39fn9l85g3m,2989,2019-11-08T10:35:24+02:00,2019-11-14T15:40:19+02:00,"Kallion ala-aste on täynnä tägi- yms. sotkuja - julkisivun voisi puhdistaa. Muuten Kalliossa tägien puhdistamista voisi tehostaa.",Puhtaanapito,Kaupunkiympäristö,,60.1834703,24.9500818,
qq6v8iqfp21jgf8jjoq9,2806,2020-01-15T17:49:47+02:00,2020-01-16T13:27:35+02:00,"Kannattaisi siivota. Rotat juoksee ympäriinsä.",Puhtaanapito,Kaupunkiympäristö,City environment,60.2515464,24.8594694,https://asiointi.hel.fi/palautews/rest/v1/attachment/3mkvkj4j922qpkl5afj1.jpg
8stapnorsjq2q8103v56,2806,2020-05-17T12:55:49+03:00,2020-05-20T10:05:03+03:00,"Kierrätysastioiden ympäristö hirveässä kunnossa.",Puhtaanapito,Kaupunkiympäristö,City environment,60.2149068,25.1038824,https://asiointi.hel.fi/palautews/rest/v1/attachment/282ie99adncrqn4ahe7k.jpg
1l15fs91vi4cqnp74prt,2806,2020-03-18T09:23:59+02:00,2020-03-19T08:55:02+02:00,"Koirapuiston vieressä olevan lammen läheisyyteen on joku heittänyt muovilaatikollisen leluja ja roskaa. ",Puhtaanapito,Kaupunkiympäristö,City environment,60.2330155,25.1084337,https://asiointi.hel.fi/palautews/rest/v1/attachment/ia91j3pcsgj6eq1enm36.JPG
1l2bkfn4d2mu6oqtuq1n,2806,2019-11-23T16:46:58+02:00,2019-11-26T13:13:07+02:00,"Kunnossapidolle ja puhdistettavaksi, ainakin 5 samankaltaista töhryä havaittu rantamuurissa, penkissä, mukulakivillä. Töhryt tullut joskus viime viikolla välille Crusellinsilta - Ruoholahdentori, kanavan eteläpuolelle. Ei tietoa, jos lähistöllä on spreijaltu muuallekin. ",Puhtaanapito,Kaupunkiympäristö,City environment,60.1607158,24.9121182,https://asiointi.hel.fi/palautews/rest/v1/attachment/2dd89tftp37tdl7jnusk.jpg
krc71n3ihqhq6q341nrc,2806,2019-08-27T14:13:56+03:00,2019-08-28T11:35:33+03:00,"Laurtasaaren kasinonrannassa sijaitseva kahvila avautui remontoituna ennen juhannusta. Remontin aikainen rakennusjäte lojuu yhä maassa ja muutenkin kahvilan jätteiden käsittely ja varastointi pilaa ympäristöä. Kannattaisi käydä paikan päällä tekemässä tarkastus!",Puhtaanapito,Kaupunkiympäristö,City environment,60.155173,24.8728809,https://asiointi.hel.fi/palautews/rest/v1/attachment/14valhkoeqrg3vg1323q.JPG
27m7abqo6j3ggscdb8de,2806,2019-08-06T21:33:28+03:00,2019-08-07T12:42:14+03:00,"Lauttasaaressa Särkiniementien varrella oleva pienmetalliastia pursuaa. Koko ympäristö on ollut sotkuinen jo yli viikon. Tiedän, että hsy ei enää vastaa näistä. Mutta rinkiin.fi palvelu ei tee asialle mitään eikä edes vastaa asiakaspalautteisiin. Miksi tällainen palvelu, joka ei toimi?",Puhtaanapito,Kaupunkiympäristö,City environment,60.1603807,24.8748237,https://asiointi.hel.fi/palautews/rest/v1/attachment/n3tpss64p0l051dbkrtg.JPG
2onqore1bg31sku30pis,2806,2019-06-23T13:12:44+03:00,2019-06-27T06:55:02+03:00,"Leikkipuisto on täynnä roskia. Roskikset eivät ole riittäviä ja molokit ovat lukossa. Tänne tarvitaan isompia roskiksia ilta- ja viikonloppuaikaan, jolloin leikkipuistossa ollaan vaikkei sisätila ole avoinna.",Puhtaanapito,Kaupunkiympäristö,City environment,60.2060082,25.084252,https://asiointi.hel.fi/palautews/rest/v1/attachment/1612bvcs51oa8vasb2du.JPG
3ed218am14fak040t1ej,2806,2020-05-06T07:42:39+03:00,2020-05-11T09:30:01+03:00,"Linnut ovat tyhjentäneet useita roskiksia Kaivopuistossa",Puhtaanapito,Kaupunkiympäristö,City environment,60.1562138,24.9552728,https://asiointi.hel.fi/palautews/rest/v1/attachment/17tt3d5nipv21ejicdqu.JPG
4nbgffbe5pq9f0r2joqh,2809,2020-05-24T20:47:19+03:00,2020-05-27T09:17:09+03:00,"Linnut repivät roskat ulos.",Puhtaanapito,Kaupunkiympäristö,General and other feedback,,,https://asiointi.hel.fi/palautews/rest/v1/attachment/195qchrh6j5l5lo9i5mn.jpg
nkkbb6u85fdqcvvdccjo,2809,2019-07-22T07:56:25+03:00,2019-07-23T13:10:02+03:00,"Mellinintie koulun takana oleva iso roskis taas täynnä. Linnut levitelleet roskat pitkin tietä.",Puhtaanapito,Kaupunkiympäristö,General and other feedback,60.167841,25.0336473,
9pla4vsb0rqh7snjv32l,2809,2019-06-02T22:26:07+03:00,2019-06-04T14:17:46+03:00,"Miksi Jätkäsaaren Röörin jätekontin yksi jäteastia on kontista ulkona? Ja muuta roskaa kontin ympärillä? Eikö tyhjentäjien pitäisi viedä roskat eikä levitellä niitä ympäriinsä? Js jäteastiat kuuluvat sisälle konttiin. Aikaisemmin kontin ulkopuolella on joskus ollut jopa 3 keräilyastiaa.",Puhtaanapito,Kaupunkiympäristö,General and other feedback,60.1583433,24.9077488,https://asiointi.hel.fi/palautews/rest/v1/attachment/3l8h76ogssc7d61bq3th.jpg
1q891u9544damn79upcq,2806,2020-04-28T09:15:04+03:00,2020-04-29T14:27:55+03:00,"Miksi tällainen paraatipaikka annetaan sotkea ja miksei sitä puhdisteta? ",Puhtaanapito,Kaupunkiympäristö,City environment,60.1617699,24.9562198,
12539gcm18bf24c5q2rb,2809,2020-01-04T21:18:47+02:00,2020-01-10T06:30:03+02:00,"Miksi vesalantien ja sen lähimaaston roskiksia ei tyhjennetä, on katottu kuinka purkit pursuu koiran kakka pusseista jo pidemmänaikaa.",Puhtaanapito,Kaupunkiympäristö,General and other feedback,60.2438125,25.0971855,
1io7ar3khdnkq9ecicsh,2809,2019-12-25T16:06:36+02:00,2020-01-03T14:50:02+02:00,"Moi, päiväkävelyllä löytyi metsään jätettyjä kannabiskasvien jäänteitä ja joitain roskia, mm kasvilampun laatikko. Löytyvät kannaksen kapeimmalla kohdalla vasemmalla puolella olevan pikku parkkiksen reunalta. ",Puhtaanapito,Kaupunkiympäristö,General and other feedback,60.1950507,25.1069925,
3pbvko7sgdsm5m7edtur,2809,2020-05-21T08:25:25+03:00,2020-05-25T14:30:01+03:00,"Molok roskis Aurinkolahden rannan Uutelan pään parkkipaikan vieressä on ollut jo pitkään aivan täynnä.",Puhtaanapito,Kaupunkiympäristö,General and other feedback,60.2045464,25.1606523,
19gnab1412s47rnclol7,2806,2020-03-28T09:00:48+02:00,2020-04-03T14:00:03+03:00,"Molokki ääriään myöten täynnä. ",Puhtaanapito,Kaupunkiympäristö,City environment,60.2523082,25.0309709,
1nck7nohekvf6g1i1ovl,2809,2019-06-22T13:18:04+03:00,2019-06-27T09:00:02+03:00,"Mustikkamaa, rantareitti, pahasti jätettä, menossa tuulen mukana mereen",Puhtaanapito,Kaupunkiympäristö,General and other feedback,60.1817198,24.9860525,https://asiointi.hel.fi/palautews/rest/v1/attachment/24btcpkvf4rqa0eh2o0h.JPG
1okdbrdduq2u8s0p076t,2985,2020-05-12T06:44:53+03:00,2020-05-15T12:08:32+03:00,"Näin kesän alkaessa kun picnicit yleistyvät, jäätelökioskit ovat auki ja ihmiset ulkoilevat enemmän, tulisi otsikossa maintun alueen roskikset tyhjentää useammin. Nyt ovat jatkuvasti täynnä ja roskat pursuavat ulos. Linnut käyvät sitten repimässä pursuavat roskat ja levittelevät ne pitkin poikien. Kauhea näky!",Puhtaanapito,Kaupunkiympäristö,,,,
3nia7e5nid18d8ju718n,2806,2020-05-07T07:54:07+03:00,2020-05-11T09:30:01+03:00,"Ohjeistakaa uutta kebab yrittäjää siivoamaan roskat pois, nyt TaKe away -laatikoita on joka puolella ja linnut levittävät ruuantähteitä ympäriinsä. Lisää roskiksia kiitos",Puhtaanapito,Kaupunkiympäristö,City environment,60.156825,24.958153,https://asiointi.hel.fi/palautews/rest/v1/attachment/rkvdnpm8a5jacqc7vbp1.JPG
1lpbdr6d5erj22q8c88f,2985,2020-05-04T11:20:27+03:00,2020-05-08T11:50:57+03:00,"Olen käynyt lapseni kanssa puistossa ~3kk. Tänä aikana roska-astiaa ei ole tyhjennetty kertaakaan.",Puhtaanapito,Kaupunkiympäristö,,60.2222655,24.9372488,https://asiointi.hel.fi/palautews/rest/v1/attachment/1gm63h7glll85pd6te4p.jpg
17virgb44ug0tgua0nc4,2806,2020-02-07T14:33:00+02:00,2020-02-13T07:45:02+02:00,"Olisko aikaa siivota syksyn lehdet ja roskat pois kun ei ole lumitöitä",Puhtaanapito,Kaupunkiympäristö,City environment,60.2470338,24.8613846,https://asiointi.hel.fi/palautews/rest/v1/attachment/2dab1qe6jaosf5mh8pr4.jpg
sqhkj5nrbd4nout85jbk,2806,2020-05-28T12:20:56+03:00,2020-06-01T14:07:09+03:00,"Omastadin kautta on jonnekin lisätty roskapusseja, että koirankakkoja kerättäisiiin. Meitä on paljon, jotka jo kannamme taskussa ihan itse hankittuja pusseja, ja myös keräämme ne koirankakat. Mutta olisi kiva saada myös lisää roskiksia niitä varten, ja jo olemassa olevia tyhjennettävän vähän useammin.  Ainakin Herttoniemessä on aivan liian vähän roskiksia, tai ne harvat ovat jo täynnä.",Puhtaanapito,Kaupunkiympäristö,City environment,60.2115474,25.0441171,
1luqil28rhjuisqmuec5,2806,2020-03-02T15:30:06+02:00,2020-03-16T09:10:02+02:00,"on monta kuormallusta kaduilta harjattua hiekkaa ja muuta maaainesta. Onko oikea paikka säilyttää? Jätettä kai sekin on",Puhtaanapito,Kaupunkiympäristö,City environment,60.2194878,24.9135846,
31c7fs60ajlc556fa42p,2806,2019-09-10T11:06:50+03:00,2019-09-11T10:35:02+03:00,"Onkohan tämä roskis unohtunut tyhjennys kierrosta? On jo monta päivää pursyunnut yli ja levittänyt roskia ympäristöön. ",Puhtaanapito,Kaupunkiympäristö,City environment,60.2336784,25.0134101,https://asiointi.hel.fi/palautews/rest/v1/attachment/27e0npih881jf61nria6.jpg
301esur68ktp5f00ego2,2806,2020-01-07T13:10:24+02:00,2020-01-30T08:15:02+02:00,"Osoitteessa Vanhaistentie 11 bussipysäkin roskis aivan täynnä",Puhtaanapito,Kaupunkiympäristö,City environment,60.2453041,24.8826968,https://asiointi.hel.fi/palautews/rest/v1/attachment/2sf2mj3ch6os2rnjo4rg.HEIC
3bh1u4q9u8j8j4dp3i24,2806,2020-04-12T07:22:08+03:00,2020-04-17T07:00:03+03:00,"Paikalla on ollut jo pitkään kasa rakennusjätettä. Voisiko ne vihdoinkin  siivota pois. Kiitos",Puhtaanapito,Kaupunkiympäristö,City environment,60.226952,25.1244556,
119q43ikhrmk346ipcvd,2809,2019-11-20T11:52:38+02:00,2019-11-21T15:42:33+02:00,"Pakilantien kierrätyspisteelle kerääntynyt isot määrät jätesäkkejä",Puhtaanapito,Kaupunkiympäristö,General and other feedback,60.2469755,24.9219805,https://asiointi.hel.fi/palautews/rest/v1/attachment/f18b4n581po1r16iuf1k.JPG
33ruk7dqouit0qijbki7,2806,2020-03-22T13:37:33+02:00,2020-03-26T10:57:15+02:00,"Parkkiruudut ja viereiset puskat aina täynnä röökiaskeja ja kahvimukeja ja käärepapereita. Roskis tähän ja pian!",Puhtaanapito,Kaupunkiympäristö,City environment,60.2010061,25.0552819,
1oi0l5jid42a9k4uq0nu,2809,2020-04-26T10:01:13+03:00,2020-04-29T06:40:01+03:00,"Puistossa on muovijätettä. ",Puhtaanapito,Kaupunkiympäristö,General and other feedback,60.2117475,25.0775932,https://asiointi.hel.fi/palautews/rest/v1/attachment/3mt4n4es3s3ahj8638js.jpg
5h2hmptoisq1rad0hmgc,2809,2019-08-08T14:20:05+03:00,2019-08-13T16:25:02+03:00,"Putsausta kiitos ",Puhtaanapito,Kaupunkiympäristö,General and other feedback,60.2741257,25.0370453,https://asiointi.hel.fi/palautews/rest/v1/attachment/1kkbu29d6gt5tvn3ukfa.jpg
lt0d52ccki0rslth8vgn,2985,2020-01-12T16:13:54+02:00,2020-01-15T15:28:41+02:00,"Roihuvuoressa Ruusulanrinteen päässä olevä jätteiden syväkeräysastia on suuaukkoaan myöten täynnä.  Onkohan tyhjennys jäänyt tekemättä, kun vieressä oleva rakennustyömaa sulkee kulkureittejä?",Puhtaanapito,Kaupunkiympäristö,,60.20475,25.0524932,
3n1rq6am1bin5q6na695,2809,2019-08-01T21:56:51+03:00,2019-08-02T12:26:02+03:00,"Roskapaikka on siivoton",Puhtaanapito,Kaupunkiympäristö,General and other feedback,60.1863249,24.999225,https://asiointi.hel.fi/palautews/rest/v1/attachment/n7sl6lr5n1shjics97ej.jpg
3rk1h6rtea0ah1cmeigg,2809,2019-07-30T07:29:26+03:00,2019-08-01T14:35:03+03:00,"Roskis tursuaa, linnut levittävät jätteitä. Kiitos kun tyhjennätte!",Puhtaanapito,Kaupunkiympäristö,General and other feedback,60.1616879,25.0471478,https://asiointi.hel.fi/palautews/rest/v1/attachment/2rl5n7jvlak4eqdlnbtf.jpg
11ut34nmhqag0nbh6uru,2806,2019-11-19T15:53:34+02:00,2019-11-25T07:55:03+02:00,"Roskisten tyhjennysvälit tiheämmiksi kiitos. Täällä kerätään kävellessä roskia maasta, mutta roskikset ovat usein täynnä.",Puhtaanapito,Kaupunkiympäristö,City environment,60.2518632,24.8619962,https://asiointi.hel.fi/palautews/rest/v1/attachment/2902tbib9qv7668nkafb.jpg
bckfsv5d54nsjqu75lqk,2806,2019-09-06T07:50:14+03:00,2019-09-09T09:20:02+03:00,"Saisiko pikaisen siivouksen ja valvontaa?",Puhtaanapito,Kaupunkiympäristö,City environment,60.1763812,24.9542004,
3bn0q7cpeh5dh6h2o6hq,2809,2020-04-21T20:30:46+03:00,2020-04-27T10:50:28+03:00,"Talin jätemäen täyttöongelmajäte valuu rinteeseen ",Puhtaanapito,Kaupunkiympäristö,General and other feedback,60.2136843,24.8477626,https://asiointi.hel.fi/palautews/rest/v1/attachment/eqc6q1ntevhudho2qa1r.jpg
32i6j922bknc435spng8,2807,2019-06-18T08:07:32+03:00,2019-06-24T10:03:23+03:00,"Hei, lehmäpatsaan vedenpoistoreikä taas tukossa. Tulee levää ja haisee. Lisäksi saanut nyt roskia myös päälleen.",Puhtaanapito,Kulttuuri ja vapaa-aika,Culture and leisure,60.2465754,24.8607726,https://asiointi.hel.fi/palautews/rest/v1/attachment/2uo7105u92ant3q5km55.jpg
3bpva8ap61n4hf1fdf3l,2806,2019-10-31T10:15:32+02:00,2019-11-01T15:58:00+02:00,"Siivousta kiitos ❤️",Puhtaanapito,Kulttuuri ja vapaa-aika,City environment,60.2463778,24.860611,https://asiointi.hel.fi/palautews/rest/v1/attachment/2psb2opmfoh4c2qk2o47.jpg
1nk7bkn8r039qm9ki88n,2806,2019-08-21T08:07:37+03:00,2019-09-05T12:20:35+03:00,"Taideteos sotkettu. Puhdistaisitteko. Kiitos.",Puhtaanapito,Kulttuuri ja vapaa-aika,City environment,60.2237711,25.0674092,
2sir3fqk2l1ghvj4p9eg,2806,2019-10-31T07:33:11+02:00,2019-11-04T09:36:58+02:00,"Hei, saisiko nuo lavat pois ennenkuin joku heittää ne mereen? Olleet paikalla puoli vuotta. Ja saisiko joku kerättyä isot kelluvat roskat rantavedestä? Kiitos! ",Puhtaanapito,Liikunta,City environment,60.1769381,24.9554789,https://asiointi.hel.fi/palautews/rest/v1/attachment/1dverp28t2mtptan4u6n.HEIC
22ckiivkfrljl6s2052a,2807,2019-07-13T17:00:22+03:00,2019-07-17T13:58:42+03:00,"Jätekatoksessa on 5 sekajäteastiaa, ei metalli-, paperi/pahvi, muovi - tai lasinkeräystä, kehoitus kuitenkin lajitella. Onko kaupungilta  homma jäänyt puolitiehen vai pitäisikö roskat kuljettaa itse mantereelle?",Puhtaanapito,Liikunta,Culture and leisure,60.1684232,25.35352,https://asiointi.hel.fi/palautews/rest/v1/attachment/2n91fusbtn4soe55d9pn.JPG
5f1e985c951hn6d4rsfl,2809,2020-03-09T11:46:52+02:00,2020-03-12T10:09:31+02:00,"Kanavarannan baarikadun siisteyskasvatukselle tarvetta. ",Puhtaanapito,Liikunta,General and other feedback,60.1691398,24.9595604,https://asiointi.hel.fi/palautews/rest/v1/attachment/38kp7dut5or11qjfp101.HEIC
1sj9753r5kv8fo92kml3,2807,2020-05-26T09:16:40+03:00,2020-05-28T14:24:20+03:00,"Kentällä on lasia rikotuista pulloista sekä jonkin verran myös hiekkaa. Ruohot voisi samalla poistaa kentän raoista.",Puhtaanapito,Liikunta,Culture and leisure,60.1680614,24.9339659,
2qrd6uvoe01ja8ghf0u7,2806,2020-05-26T21:47:00+03:00,2020-05-28T14:31:21+03:00,"Miksi tällaista roinaa saa säilyttää merenrannassa ihan rantaviivalla?",Puhtaanapito,Liikunta,City environment,60.1632923,24.8692475,https://asiointi.hel.fi/palautews/rest/v1/attachment/8us73g5mecp72h2ihdti.HEIC
39vum4isi45s0g82raaj,2807,2019-08-04T14:06:12+03:00,2019-08-09T14:04:30+03:00,"Milloin septin tyhjennys korjataan? Satamassa useita satoja käyttäjiä ja tyhjennys ollut pois käytöstä jo ainakin puolitoista kuukautta. Jengi tyhjentää sitten mereen. Ei hyvä. ",Puhtaanapito,Liikunta,Culture and leisure,60.2082666,25.1783084,
18qtvdk4n5fib0but6mo,2806,2020-04-21T23:25:42+03:00,2020-04-23T14:00:56+03:00,"Rastilan rantaan menevän tienpätkän roskis on tupaten täynnä ja pursuaa ylitse. Voisiko käydä tyhjentämässä?",Puhtaanapito,Liikunta,City environment,60.2066214,25.1159929,
3h40jfo26pn6ldusavtq,2809,2020-04-28T15:17:31+03:00,2020-05-04T13:08:13+03:00,"Roskakatos on, roskis puuttuu. Ihmiset keräilee jätteitä rannoilta joten roskiksen voisi tuoda jo",Puhtaanapito,Liikunta,General and other feedback,60.2094726,25.1089512,
6b8c6sm474g069ealbq4,2809,2020-04-27T19:29:59+03:00,2020-04-30T13:34:20+03:00,"Roskis täynnä",Puhtaanapito,Liikunta,General and other feedback,60.2026717,25.1597236,
67dsc27ce5cd8am9bi6n,2809,2019-07-25T20:40:12+03:00,2019-07-26T12:03:38+03:00,"Voisiko joku huoltaa huussit. Keko kutittelee jo kannikoita.. myös paperit ja turpeet loppu.",Puhtaanapito,Liikunta,General and other feedback,60.1678238,25.352793,